<?xml version="1.0"?>
<opencv_storage>
<stage5>
  <maxWeakCount>18</maxWeakCount>
  <stageThreshold>-1.3194515705108643e+00</stageThreshold>
  <weakClassifiers>
    <_>
      <internalNodes>
        0 -1 152063 8.8290981948375702e-03</internalNodes>
      <leafValues>
        -3.4363991022109985e-01 3.2540008425712585e-01</leafValues></_>
    <_>
      <internalNodes>
        0 -1 11120 -1.2444363906979561e-02</internalNodes>
      <leafValues>
        5.7445573806762695e-01 -1.4339320361614227e-01</leafValues></_>
    <_>
      <internalNodes>
        0 -1 283 -2.3226179182529449e-02</internalNodes>
      <leafValues>
        4.4401806592941284e-01 -2.0846982300281525e-01</leafValues></_>
    <_>
      <internalNodes>
        0 -1 59423 -1.5495767816901207e-02</internalNodes>
      <leafValues>
        4.3689635396003723e-01 -1.6443924605846405e-01</leafValues></_>
    <_>
      <internalNodes>
        0 -1 808 -2.5751007720828056e-02</internalNodes>
      <leafValues>
        -6.4944612979888916e-01 1.0377613455057144e-01</leafValues></_>
    <_>
      <internalNodes>
        0 -1 66684 1.2302932191232685e-05</internalNodes>
      <leafValues>
        -2.3808042705059052e-01 2.9776525497436523e-01</leafValues></_>
    <_>
      <internalNodes>
        0 -1 53785 2.6866048574447632e-02</internalNodes>
      <leafValues>
        -1.3293179869651794e-01 4.4201779365539551e-01</leafValues></_>
    <_>
      <internalNodes>
        0 -1 159407 6.5718814730644226e-03</internalNodes>
      <leafValues>
        -1.7566867172718048e-01 4.1224843263626099e-01</leafValues></_>
    <_>
      <internalNodes>
        0 -1 154487 -1.5538310632109642e-02</internalNodes>
      <leafValues>
        5.7145875692367554e-01 -1.0678240656852722e-01</leafValues></_>
    <_>
      <internalNodes>
        0 -1 144267 -1.1795165948569775e-02</internalNodes>
      <leafValues>
        5.0287759304046631e-01 -1.1986143887042999e-01</leafValues></_>
    <_>
      <internalNodes>
        0 -1 154202 9.3528032302856445e-03</internalNodes>
      <leafValues>
        -1.8445864319801331e-01 3.1822478771209717e-01</leafValues></_>
    <_>
      <internalNodes>
        0 -1 26785 4.9586093425750732e-01</internalNodes>
      <leafValues>
        -6.3962236046791077e-02 6.8119114637374878e-01</leafValues></_>
    <_>
      <internalNodes>
        0 -1 7655 -1.4187906868755817e-02</internalNodes>
      <leafValues>
        2.9258066415786743e-01 -2.3380579054355621e-01</leafValues></_>
    <_>
      <internalNodes>
        0 -1 134492 4.5522842556238174e-03</internalNodes>
      <leafValues>
        -1.7064926028251648e-01 3.8174009323120117e-01</leafValues></_>
    <_>
      <internalNodes>
        0 -1 27994 -1.2778739631175995e-01</internalNodes>
      <leafValues>
        8.7918704748153687e-01 -5.6018728762865067e-02</leafValues></_>
    <_>
      <internalNodes>
        0 -1 60705 -1.1636383831501007e-02</internalNodes>
      <leafValues>
        3.9721384644508362e-01 -1.7269517481327057e-01</leafValues></_>
    <_>
      <internalNodes>
        0 -1 91228 1.0302269402018283e-05</internalNodes>
      <leafValues>
        -1.9816543161869049e-01 2.7998396754264832e-01</leafValues></_>
    <_>
      <internalNodes>
        0 -1 25884 -7.7521894127130508e-04</internalNodes>
      <leafValues>
        -5.0381737947463989e-01 9.3796208500862122e-02</leafValues></_></weakClassifiers></stage5>
</opencv_storage>
