<?xml version="1.0"?>
<opencv_storage>
<stage7>
  <maxWeakCount>33</maxWeakCount>
  <stageThreshold>-1.3333225250244141e+00</stageThreshold>
  <weakClassifiers>
    <_>
      <internalNodes>
        0 -1 8033 -1.0778843425214291e-02</internalNodes>
      <leafValues>
        5.0747328996658325e-01 -2.7287527918815613e-01</leafValues></_>
    <_>
      <internalNodes>
        0 -1 160 -2.1320167434168980e-05</internalNodes>
      <leafValues>
        2.5291019678115845e-01 -3.1589871644973755e-01</leafValues></_>
    <_>
      <internalNodes>
        0 -1 131166 -4.5277057215571404e-03</internalNodes>
      <leafValues>
        4.5035287737846375e-01 -1.6428132355213165e-01</leafValues></_>
    <_>
      <internalNodes>
        0 -1 45507 -8.4346216171979904e-03</internalNodes>
      <leafValues>
        5.3103083372116089e-01 -1.5179079771041870e-01</leafValues></_>
    <_>
      <internalNodes>
        0 -1 56107 -1.4049023389816284e-01</internalNodes>
      <leafValues>
        3.5989993810653687e-01 -1.9778008759021759e-01</leafValues></_>
    <_>
      <internalNodes>
        0 -1 48966 -6.1403594911098480e-02</internalNodes>
      <leafValues>
        4.4940868020057678e-01 -1.3116373121738434e-01</leafValues></_>
    <_>
      <internalNodes>
        0 -1 61206 -3.2410755753517151e-02</internalNodes>
      <leafValues>
        5.6679517030715942e-01 -1.0407010465860367e-01</leafValues></_>
    <_>
      <internalNodes>
        0 -1 26 4.4860276830149814e-05</internalNodes>
      <leafValues>
        -2.6205778121948242e-01 2.4887718260288239e-01</leafValues></_>
    <_>
      <internalNodes>
        0 -1 22099 -1.5587145462632179e-02</internalNodes>
      <leafValues>
        3.7675958871841431e-01 -1.7174611985683441e-01</leafValues></_>
    <_>
      <internalNodes>
        0 -1 148305 -2.4300497898366302e-05</internalNodes>
      <leafValues>
        1.8791089951992035e-01 -2.3995620012283325e-01</leafValues></_>
    <_>
      <internalNodes>
        0 -1 71118 5.0960564985871315e-03</internalNodes>
      <leafValues>
        1.9000929594039917e-01 -2.9111486673355103e-01</leafValues></_>
    <_>
      <internalNodes>
        0 -1 75652 -8.9868530631065369e-03</internalNodes>
      <leafValues>
        4.9264681339263916e-01 -1.2277935445308685e-01</leafValues></_>
    <_>
      <internalNodes>
        0 -1 13472 -2.5766197359189391e-04</internalNodes>
      <leafValues>
        -3.0741086602210999e-01 1.8345591425895691e-01</leafValues></_>
    <_>
      <internalNodes>
        0 -1 75016 -6.0826512053608894e-03</internalNodes>
      <leafValues>
        4.3350309133529663e-01 -1.3492991030216217e-01</leafValues></_>
    <_>
      <internalNodes>
        0 -1 137843 5.4194540716707706e-03</internalNodes>
      <leafValues>
        -1.0165034234523773e-01 4.2283558845520020e-01</leafValues></_>
    <_>
      <internalNodes>
        0 -1 157939 -2.0393410522956401e-05</internalNodes>
      <leafValues>
        1.9506599009037018e-01 -2.1962243318557739e-01</leafValues></_>
    <_>
      <internalNodes>
        0 -1 32323 -5.4759168997406960e-03</internalNodes>
      <leafValues>
        4.1932085156440735e-01 -1.0235781967639923e-01</leafValues></_>
    <_>
      <internalNodes>
        0 -1 157939 -2.1315584308467805e-04</internalNodes>
      <leafValues>
        -2.9614296555519104e-01 1.5707625448703766e-01</leafValues></_>
    <_>
      <internalNodes>
        0 -1 12087 -2.0459192991256714e-01</internalNodes>
      <leafValues>
        5.2327823638916016e-01 -7.7902153134346008e-02</leafValues></_>
    <_>
      <internalNodes>
        0 -1 77537 -3.9273679256439209e-02</internalNodes>
      <leafValues>
        -5.2275598049163818e-01 7.7134951949119568e-02</leafValues></_>
    <_>
      <internalNodes>
        0 -1 9293 4.8677463084459305e-02</internalNodes>
      <leafValues>
        1.1442200094461441e-01 -3.2863762974739075e-01</leafValues></_>
    <_>
      <internalNodes>
        0 -1 45552 -2.1206844394328073e-05</internalNodes>
      <leafValues>
        1.8377812206745148e-01 -2.3076318204402924e-01</leafValues></_>
    <_>
      <internalNodes>
        0 -1 25364 5.4487787187099457e-02</internalNodes>
      <leafValues>
        -9.6722856163978577e-02 4.3776229023933411e-01</leafValues></_>
    <_>
      <internalNodes>
        0 -1 62071 1.9564666217775084e-05</internalNodes>
      <leafValues>
        -1.9893531501293182e-01 1.8056063354015350e-01</leafValues></_>
    <_>
      <internalNodes>
        0 -1 143627 9.7048591123893857e-04</internalNodes>
      <leafValues>
        7.1589209139347076e-02 -4.9184370040893555e-01</leafValues></_>
    <_>
      <internalNodes>
        0 -1 141268 2.4444852024316788e-03</internalNodes>
      <leafValues>
        -1.1858615279197693e-01 3.3124408125877380e-01</leafValues></_>
    <_>
      <internalNodes>
        0 -1 49493 -1.5249002026394010e-03</internalNodes>
      <leafValues>
        -4.8616018891334534e-01 7.3199808597564697e-02</leafValues></_>
    <_>
      <internalNodes>
        0 -1 131166 4.4981604442000389e-03</internalNodes>
      <leafValues>
        -1.0417734086513519e-01 3.4257936477661133e-01</leafValues></_>
    <_>
      <internalNodes>
        0 -1 35323 -6.6191211342811584e-02</internalNodes>
      <leafValues>
        3.6973777413368225e-01 -8.6710996925830841e-02</leafValues></_>
    <_>
      <internalNodes>
        0 -1 1 1.4393634046427906e-04</internalNodes>
      <leafValues>
        1.0347231477499008e-01 -3.2837873697280884e-01</leafValues></_>
    <_>
      <internalNodes>
        0 -1 162011 3.0048387125134468e-03</internalNodes>
      <leafValues>
        -9.1025210916996002e-02 3.7896636128425598e-01</leafValues></_>
    <_>
      <internalNodes>
        0 -1 144058 3.0628098174929619e-03</internalNodes>
      <leafValues>
        5.8314859867095947e-02 -5.8615624904632568e-01</leafValues></_>
    <_>
      <internalNodes>
        0 -1 157619 1.6839061863720417e-03</internalNodes>
      <leafValues>
        -1.1136887222528458e-01 3.1049856543540955e-01</leafValues></_></weakClassifiers></stage7>
</opencv_storage>
