<?xml version="1.0"?>
<opencv_storage>
<stage6>
  <maxWeakCount>36</maxWeakCount>
  <stageThreshold>-1.4211277961730957e+00</stageThreshold>
  <weakClassifiers>
    <_>
      <internalNodes>
        0 -1 25574 -8.4590353071689606e-03</internalNodes>
      <leafValues>
        2.3875914514064789e-01 -3.5228729248046875e-01</leafValues></_>
    <_>
      <internalNodes>
        0 -1 42924 -1.3942888379096985e-01</internalNodes>
      <leafValues>
        3.9867508411407471e-01 -2.3257973790168762e-01</leafValues></_>
    <_>
      <internalNodes>
        0 -1 65516 2.4992269277572632e-01</internalNodes>
      <leafValues>
        -1.9035138189792633e-01 4.1297009587287903e-01</leafValues></_>
    <_>
      <internalNodes>
        0 -1 161897 1.7338262405246496e-03</internalNodes>
      <leafValues>
        -1.5016907453536987e-01 3.4380885958671570e-01</leafValues></_>
    <_>
      <internalNodes>
        0 -1 60443 -1.0263063013553619e-03</internalNodes>
      <leafValues>
        -6.3953351974487305e-01 9.5198877155780792e-02</leafValues></_>
    <_>
      <internalNodes>
        0 -1 55971 -7.3701418004930019e-03</internalNodes>
      <leafValues>
        4.5360249280929565e-01 -1.1521529406309128e-01</leafValues></_>
    <_>
      <internalNodes>
        0 -1 60453 1.4373270096257329e-03</internalNodes>
      <leafValues>
        1.0398577898740768e-01 -5.2626228332519531e-01</leafValues></_>
    <_>
      <internalNodes>
        0 -1 162103 1.6511665307916701e-04</internalNodes>
      <leafValues>
        1.4495193958282471e-01 -3.2209834456443787e-01</leafValues></_>
    <_>
      <internalNodes>
        0 -1 114439 -2.1446542814373970e-03</internalNodes>
      <leafValues>
        -5.7408756017684937e-01 6.7161053419113159e-02</leafValues></_>
    <_>
      <internalNodes>
        0 -1 126059 -3.4047856926918030e-02</internalNodes>
      <leafValues>
        2.5011098384857178e-01 -1.9545084238052368e-01</leafValues></_>
    <_>
      <internalNodes>
        0 -1 155069 -1.2451731599867344e-02</internalNodes>
      <leafValues>
        3.9968422055244446e-01 -1.4003106951713562e-01</leafValues></_>
    <_>
      <internalNodes>
        0 -1 4121 -7.4472567066550255e-03</internalNodes>
      <leafValues>
        4.4268387556076050e-01 -8.1030026078224182e-02</leafValues></_>
    <_>
      <internalNodes>
        0 -1 114084 1.0779852746054530e-03</internalNodes>
      <leafValues>
        8.2732744514942169e-02 -5.2615529298782349e-01</leafValues></_>
    <_>
      <internalNodes>
        0 -1 159734 1.0521315562073141e-04</internalNodes>
      <leafValues>
        1.1067048460245132e-01 -3.2334932684898376e-01</leafValues></_>
    <_>
      <internalNodes>
        0 -1 43866 9.4077503308653831e-03</internalNodes>
      <leafValues>
        -5.3025875240564346e-02 6.5106540918350220e-01</leafValues></_>
    <_>
      <internalNodes>
        0 -1 55541 2.4235509044956416e-05</internalNodes>
      <leafValues>
        -2.2923947870731354e-01 1.9300903379917145e-01</leafValues></_>
    <_>
      <internalNodes>
        0 -1 27042 -7.3133064433932304e-03</internalNodes>
      <leafValues>
        3.9980077743530273e-01 -8.4655344486236572e-02</leafValues></_>
    <_>
      <internalNodes>
        0 -1 34384 -2.1999463569954969e-05</internalNodes>
      <leafValues>
        1.7350058257579803e-01 -1.9806720316410065e-01</leafValues></_>
    <_>
      <internalNodes>
        0 -1 12296 2.4671925231814384e-02</internalNodes>
      <leafValues>
        -8.2080565392971039e-02 5.1512074470520020e-01</leafValues></_>
    <_>
      <internalNodes>
        0 -1 157071 4.7489404678344727e-03</internalNodes>
      <leafValues>
        -1.5420432388782501e-01 2.3146906495094299e-01</leafValues></_>
    <_>
      <internalNodes>
        0 -1 127618 -6.7341246176511049e-04</internalNodes>
      <leafValues>
        -4.1506245732307434e-01 9.3053720891475677e-02</leafValues></_>
    <_>
      <internalNodes>
        0 -1 13371 -2.6988582685589790e-03</internalNodes>
      <leafValues>
        2.2346590459346771e-01 -1.6193190217018127e-01</leafValues></_>
    <_>
      <internalNodes>
        0 -1 127470 6.3644256442785263e-04</internalNodes>
      <leafValues>
        1.1028723418712616e-01 -3.6553618311882019e-01</leafValues></_>
    <_>
      <internalNodes>
        0 -1 68568 -7.2800519410520792e-04</internalNodes>
      <leafValues>
        -3.0601891875267029e-01 1.1549894511699677e-01</leafValues></_>
    <_>
      <internalNodes>
        0 -1 65111 2.0900364965200424e-02</internalNodes>
      <leafValues>
        -1.0392282158136368e-01 3.1775724887847900e-01</leafValues></_>
    <_>
      <internalNodes>
        0 -1 117502 1.5905511099845171e-03</internalNodes>
      <leafValues>
        -1.3076780736446381e-01 2.6758819818496704e-01</leafValues></_>
    <_>
      <internalNodes>
        0 -1 26815 -1.2441204162314534e-03</internalNodes>
      <leafValues>
        -5.2917391061782837e-01 6.9165214896202087e-02</leafValues></_>
    <_>
      <internalNodes>
        0 -1 4366 2.3339208215475082e-02</internalNodes>
      <leafValues>
        -1.2127281725406647e-01 3.0713227391242981e-01</leafValues></_>
    <_>
      <internalNodes>
        0 -1 101705 8.5415586363524199e-04</internalNodes>
      <leafValues>
        -1.3353031873703003e-01 2.4883835017681122e-01</leafValues></_>
    <_>
      <internalNodes>
        0 -1 69559 1.5804608119651675e-04</internalNodes>
      <leafValues>
        1.0867068916559219e-01 -2.9366633296012878e-01</leafValues></_>
    <_>
      <internalNodes>
        0 -1 98669 -1.4768255641683936e-03</internalNodes>
      <leafValues>
        -4.6593666076660156e-01 6.4160771667957306e-02</leafValues></_>
    <_>
      <internalNodes>
        0 -1 11870 -1.0041853412985802e-02</internalNodes>
      <leafValues>
        1.3783213496208191e-01 -2.3537924885749817e-01</leafValues></_>
    <_>
      <internalNodes>
        0 -1 125348 5.8871544897556305e-03</internalNodes>
      <leafValues>
        -8.2431934773921967e-02 4.1754725575447083e-01</leafValues></_>
    <_>
      <internalNodes>
        0 -1 13943 -3.9100825786590576e-01</internalNodes>
      <leafValues>
        6.1749726533889771e-01 -5.0515864044427872e-02</leafValues></_>
    <_>
      <internalNodes>
        0 -1 131129 -6.6202240996062756e-03</internalNodes>
      <leafValues>
        2.5497746467590332e-01 -1.3486424088478088e-01</leafValues></_>
    <_>
      <internalNodes>
        0 -1 110408 1.4727713540196419e-02</internalNodes>
      <leafValues>
        -1.5144944190979004e-01 2.5490158796310425e-01</leafValues></_></weakClassifiers></stage6>
</opencv_storage>
