<?xml version="1.0"?>
<opencv_storage>
<stage1>
  <maxWeakCount>9</maxWeakCount>
  <stageThreshold>-9.7802639007568359e-01</stageThreshold>
  <weakClassifiers>
    <_>
      <internalNodes>
        0 -1 25915 1.5056974953040481e-03</internalNodes>
      <leafValues>
        -5.0617283582687378e-01 5.9017652273178101e-01</leafValues></_>
    <_>
      <internalNodes>
        0 -1 144271 1.0864405892789364e-02</internalNodes>
      <leafValues>
        -3.7596857547760010e-01 6.8616521358489990e-01</leafValues></_>
    <_>
      <internalNodes>
        0 -1 162117 -3.2973948400467634e-03</internalNodes>
      <leafValues>
        -4.4739928841590881e-01 4.4630062580108643e-01</leafValues></_>
    <_>
      <internalNodes>
        0 -1 84074 8.8217947632074356e-03</internalNodes>
      <leafValues>
        -3.4189268946647644e-01 5.2123272418975830e-01</leafValues></_>
    <_>
      <internalNodes>
        0 -1 82758 9.1551262885332108e-03</internalNodes>
      <leafValues>
        -2.1573422849178314e-01 6.2591743469238281e-01</leafValues></_>
    <_>
      <internalNodes>
        0 -1 145055 1.6322769224643707e-03</internalNodes>
      <leafValues>
        -2.6271829009056091e-01 6.1364835500717163e-01</leafValues></_>
    <_>
      <internalNodes>
        0 -1 118425 -1.2113734148442745e-02</internalNodes>
      <leafValues>
        6.0203093290328979e-01 -2.3839485645294189e-01</leafValues></_>
    <_>
      <internalNodes>
        0 -1 110523 1.2694036960601807e-01</internalNodes>
      <leafValues>
        -1.2453880161046982e-01 8.6028265953063965e-01</leafValues></_>
    <_>
      <internalNodes>
        0 -1 146556 -3.5483963787555695e-02</internalNodes>
      <leafValues>
        7.1669620275497437e-01 -1.6875804960727692e-01</leafValues></_></weakClassifiers></stage1>
</opencv_storage>
