<?xml version="1.0"?>
<opencv_storage>
<stage19>
  <maxWeakCount>100</maxWeakCount>
  <stageThreshold>-1.1437870264053345e+00</stageThreshold>
  <weakClassifiers>
    <_>
      <internalNodes>
        0 -1 45109 -9.8040521144866943e-02</internalNodes>
      <leafValues>
        6.8565815687179565e-01 -1.8641659617424011e-01</leafValues></_>
    <_>
      <internalNodes>
        0 -1 121504 8.1198215484619141e-03</internalNodes>
      <leafValues>
        -8.6094364523887634e-02 5.1914727687835693e-01</leafValues></_>
    <_>
      <internalNodes>
        0 -1 48468 -1.1087459325790405e-01</internalNodes>
      <leafValues>
        2.8002244234085083e-01 -8.7522692978382111e-02</leafValues></_>
    <_>
      <internalNodes>
        0 -1 30877 -4.2017489671707153e-02</internalNodes>
      <leafValues>
        1.7916002869606018e-01 -1.3431280851364136e-01</leafValues></_>
    <_>
      <internalNodes>
        0 -1 57230 -4.6240738593041897e-03</internalNodes>
      <leafValues>
        -4.7757008671760559e-01 5.5872980505228043e-02</leafValues></_>
    <_>
      <internalNodes>
        0 -1 25918 3.6963378079235554e-04</internalNodes>
      <leafValues>
        1.3018654286861420e-01 -2.1161173284053802e-01</leafValues></_>
    <_>
      <internalNodes>
        0 -1 159678 -1.1197680141776800e-03</internalNodes>
      <leafValues>
        2.3267799615859985e-01 -8.9778468012809753e-02</leafValues></_>
    <_>
      <internalNodes>
        0 -1 31868 2.0748397218994796e-04</internalNodes>
      <leafValues>
        1.3335032761096954e-01 -1.4399504661560059e-01</leafValues></_>
    <_>
      <internalNodes>
        0 -1 159678 1.8179616890847683e-03</internalNodes>
      <leafValues>
        -3.3514831215143204e-02 3.2444968819618225e-01</leafValues></_>
    <_>
      <internalNodes>
        0 -1 154882 -3.6837162042502314e-05</internalNodes>
      <leafValues>
        1.3449272513389587e-01 -1.3695570826530457e-01</leafValues></_>
    <_>
      <internalNodes>
        0 -1 5857 4.5041190460324287e-03</internalNodes>
      <leafValues>
        -6.1710853129625320e-02 2.9195767641067505e-01</leafValues></_>
    <_>
      <internalNodes>
        0 -1 6665 -2.4424782168352976e-05</internalNodes>
      <leafValues>
        1.6325543820858002e-01 -1.3698282837867737e-01</leafValues></_>
    <_>
      <internalNodes>
        0 -1 52 -7.0789665915071964e-04</internalNodes>
      <leafValues>
        -2.0684799551963806e-01 9.3213342130184174e-02</leafValues></_>
    <_>
      <internalNodes>
        0 -1 2133 -2.3514679924119264e-05</internalNodes>
      <leafValues>
        1.2820389866828918e-01 -1.3722197711467743e-01</leafValues></_>
    <_>
      <internalNodes>
        0 -1 148473 6.2500941567122936e-04</internalNodes>
      <leafValues>
        -1.7791785299777985e-01 1.1765152961015701e-01</leafValues></_>
    <_>
      <internalNodes>
        0 -1 24 -2.1668612025678158e-03</internalNodes>
      <leafValues>
        2.8991848230361938e-01 -6.5832257270812988e-02</leafValues></_>
    <_>
      <internalNodes>
        0 -1 157270 -5.6818453595042229e-04</internalNodes>
      <leafValues>
        -2.4372403323650360e-01 8.1994846463203430e-02</leafValues></_>
    <_>
      <internalNodes>
        0 -1 153857 -4.3280776590108871e-03</internalNodes>
      <leafValues>
        1.5964435040950775e-01 -1.2181893736124039e-01</leafValues></_>
    <_>
      <internalNodes>
        0 -1 146168 7.2321817278862000e-03</internalNodes>
      <leafValues>
        -5.7798386551439762e-03 7.2305428981781006e-01</leafValues></_>
    <_>
      <internalNodes>
        0 -1 148821 -1.8507739529013634e-02</internalNodes>
      <leafValues>
        2.2853632271289825e-01 -6.9128192961215973e-02</leafValues></_>
    <_>
      <internalNodes>
        0 -1 140256 -2.0395040512084961e-01</internalNodes>
      <leafValues>
        9.1037619113922119e-01 -2.2957675158977509e-02</leafValues></_>
    <_>
      <internalNodes>
        0 -1 77168 -7.4280008673667908e-02</internalNodes>
      <leafValues>
        -5.3429108858108521e-01 3.9004851132631302e-02</leafValues></_>
    <_>
      <internalNodes>
        0 -1 50280 1.5853740274906158e-02</internalNodes>
      <leafValues>
        -4.8541508615016937e-02 3.3266252279281616e-01</leafValues></_>
    <_>
      <internalNodes>
        0 -1 10286 8.7245196104049683e-02</internalNodes>
      <leafValues>
        -5.7593226432800293e-02 2.3171950876712799e-01</leafValues></_>
    <_>
      <internalNodes>
        0 -1 25804 1.4911586185917258e-04</internalNodes>
      <leafValues>
        6.9263614714145660e-02 -2.3124116659164429e-01</leafValues></_>
    <_>
      <internalNodes>
        0 -1 19977 4.8569966107606888e-02</internalNodes>
      <leafValues>
        5.8147065341472626e-02 -2.4009105563163757e-01</leafValues></_>
    <_>
      <internalNodes>
        0 -1 18020 2.3909462470328435e-05</internalNodes>
      <leafValues>
        -1.2878812849521637e-01 1.2214007973670959e-01</leafValues></_>
    <_>
      <internalNodes>
        0 -1 55777 4.9477621912956238e-02</internalNodes>
      <leafValues>
        3.5344962030649185e-02 -4.4530609250068665e-01</leafValues></_>
    <_>
      <internalNodes>
        0 -1 47250 1.2481656670570374e-01</internalNodes>
      <leafValues>
        -2.2707182914018631e-02 5.8839035034179688e-01</leafValues></_>
    <_>
      <internalNodes>
        0 -1 11882 -6.6857680212706327e-04</internalNodes>
      <leafValues>
        2.4819856882095337e-01 -6.8141363561153412e-02</leafValues></_>
    <_>
      <internalNodes>
        0 -1 25440 1.1223843321204185e-02</internalNodes>
      <leafValues>
        3.1555157154798508e-02 -4.4629245996475220e-01</leafValues></_>
    <_>
      <internalNodes>
        0 -1 25731 1.7599989660084248e-03</internalNodes>
      <leafValues>
        -6.5076991915702820e-02 2.2929748892784119e-01</leafValues></_>
    <_>
      <internalNodes>
        0 -1 13394 3.9237926102941856e-05</internalNodes>
      <leafValues>
        8.6077302694320679e-02 -1.7886318266391754e-01</leafValues></_>
    <_>
      <internalNodes>
        0 -1 102732 -4.2958199628628790e-04</internalNodes>
      <leafValues>
        1.3787366449832916e-01 -9.6581168472766876e-02</leafValues></_>
    <_>
      <internalNodes>
        0 -1 151971 2.0437157945707440e-04</internalNodes>
      <leafValues>
        9.4120189547538757e-02 -1.5240956842899323e-01</leafValues></_>
    <_>
      <internalNodes>
        0 -1 12537 -3.0588696245104074e-03</internalNodes>
      <leafValues>
        3.6963590979576111e-01 -4.6637162566184998e-02</leafValues></_>
    <_>
      <internalNodes>
        0 -1 24406 6.5729123889468610e-05</internalNodes>
      <leafValues>
        8.0157242715358734e-02 -1.8478593230247498e-01</leafValues></_>
    <_>
      <internalNodes>
        0 -1 161838 2.3816968314349651e-03</internalNodes>
      <leafValues>
        -4.3055858463048935e-02 3.5762396454811096e-01</leafValues></_>
    <_>
      <internalNodes>
        0 -1 23626 1.2723161489702761e-04</internalNodes>
      <leafValues>
        9.1748282313346863e-02 -1.4474062621593475e-01</leafValues></_>
    <_>
      <internalNodes>
        0 -1 110591 -2.1067955531179905e-03</internalNodes>
      <leafValues>
        -7.4931204319000244e-01 1.8144153058528900e-02</leafValues></_>
    <_>
      <internalNodes>
        0 -1 6667 7.9723133239895105e-04</internalNodes>
      <leafValues>
        -7.1352235972881317e-02 1.9566097855567932e-01</leafValues></_>
    <_>
      <internalNodes>
        0 -1 29519 -2.6672473177313805e-04</internalNodes>
      <leafValues>
        -2.1014876663684845e-01 6.9511808454990387e-02</leafValues></_>
    <_>
      <internalNodes>
        0 -1 29589 -1.2473357492126524e-04</internalNodes>
      <leafValues>
        -1.3020883500576019e-01 1.1868932843208313e-01</leafValues></_>
    <_>
      <internalNodes>
        0 -1 98267 1.2862859875895083e-04</internalNodes>
      <leafValues>
        6.8707354366779327e-02 -2.0166610181331635e-01</leafValues></_>
    <_>
      <internalNodes>
        0 -1 66684 2.4348515580641106e-05</internalNodes>
      <leafValues>
        -1.4676554501056671e-01 9.8703123629093170e-02</leafValues></_>
    <_>
      <internalNodes>
        0 -1 33259 1.9448324746917933e-04</internalNodes>
      <leafValues>
        1.3042521476745605e-01 -1.1094859987497330e-01</leafValues></_>
    <_>
      <internalNodes>
        0 -1 134670 -5.4940078407526016e-03</internalNodes>
      <leafValues>
        -3.9991819858551025e-01 3.1699355691671371e-02</leafValues></_>
    <_>
      <internalNodes>
        0 -1 156416 -1.5118070878088474e-03</internalNodes>
      <leafValues>
        -5.6416797637939453e-01 2.2169746458530426e-02</leafValues></_>
    <_>
      <internalNodes>
        0 -1 3272 2.5541954673826694e-03</internalNodes>
      <leafValues>
        -7.5732156634330750e-02 2.0308981835842133e-01</leafValues></_>
    <_>
      <internalNodes>
        0 -1 3341 -4.6007721684873104e-03</internalNodes>
      <leafValues>
        2.6553356647491455e-01 -6.0559384524822235e-02</leafValues></_>
    <_>
      <internalNodes>
        0 -1 17199 -7.2553232312202454e-03</internalNodes>
      <leafValues>
        -4.8657223582267761e-01 2.8035052120685577e-02</leafValues></_>
    <_>
      <internalNodes>
        0 -1 25915 3.7311926484107971e-02</internalNodes>
      <leafValues>
        -6.6564776003360748e-02 2.1254867315292358e-01</leafValues></_>
    <_>
      <internalNodes>
        0 -1 118048 -1.6819089651107788e-02</internalNodes>
      <leafValues>
        1.7263308167457581e-01 -8.3624064922332764e-02</leafValues></_>
    <_>
      <internalNodes>
        0 -1 89931 1.7705015838146210e-02</internalNodes>
      <leafValues>
        1.9778268411755562e-02 -6.0869902372360229e-01</leafValues></_>
    <_>
      <internalNodes>
        0 -1 133663 -2.8474861755967140e-04</internalNodes>
      <leafValues>
        1.1314432322978973e-01 -1.1318626999855042e-01</leafValues></_>
    <_>
      <internalNodes>
        0 -1 113359 -7.6105043990537524e-04</internalNodes>
      <leafValues>
        -2.3404531180858612e-01 5.9369921684265137e-02</leafValues></_>
    <_>
      <internalNodes>
        0 -1 88367 -2.5298845022916794e-02</internalNodes>
      <leafValues>
        6.0527408123016357e-01 -2.6485703885555267e-02</leafValues></_>
    <_>
      <internalNodes>
        0 -1 159431 9.3197426758706570e-04</internalNodes>
      <leafValues>
        -3.7939552217721939e-02 2.9324737191200256e-01</leafValues></_>
    <_>
      <internalNodes>
        0 -1 42196 8.2871159538626671e-03</internalNodes>
      <leafValues>
        -6.1182271689176559e-02 2.0098087191581726e-01</leafValues></_>
    <_>
      <internalNodes>
        0 -1 100417 5.3183425217866898e-02</internalNodes>
      <leafValues>
        2.2742282599210739e-02 -7.2990614175796509e-01</leafValues></_>
    <_>
      <internalNodes>
        0 -1 14420 -1.0247584214084782e-05</internalNodes>
      <leafValues>
        1.2629228830337524e-01 -9.9644117057323456e-02</leafValues></_>
    <_>
      <internalNodes>
        0 -1 1257 3.2807988463900983e-04</internalNodes>
      <leafValues>
        6.6315293312072754e-02 -1.8395280838012695e-01</leafValues></_>
    <_>
      <internalNodes>
        0 -1 831 -1.3331933319568634e-01</internalNodes>
      <leafValues>
        -3.5521924495697021e-01 3.4196991473436356e-02</leafValues></_>
    <_>
      <internalNodes>
        0 -1 159984 -5.2792658098042011e-03</internalNodes>
      <leafValues>
        2.6401469111442566e-01 -5.2941523492336273e-02</leafValues></_>
    <_>
      <internalNodes>
        0 -1 157662 -5.2063760813325644e-04</internalNodes>
      <leafValues>
        1.0472607612609863e-01 -1.3034166395664215e-01</leafValues></_>
    <_>
      <internalNodes>
        0 -1 151130 1.5355198411270976e-04</internalNodes>
      <leafValues>
        7.2624340653419495e-02 -1.8463733792304993e-01</leafValues></_>
    <_>
      <internalNodes>
        0 -1 25476 -7.6800547540187836e-03</internalNodes>
      <leafValues>
        2.3590503633022308e-01 -5.0659209489822388e-02</leafValues></_>
    <_>
      <internalNodes>
        0 -1 25299 8.6731446208432317e-04</internalNodes>
      <leafValues>
        -9.9783964455127716e-02 1.6217577457427979e-01</leafValues></_>
    <_>
      <internalNodes>
        0 -1 12529 -1.6312711522914469e-04</internalNodes>
      <leafValues>
        -1.7239482700824738e-01 9.9581234157085419e-02</leafValues></_>
    <_>
      <internalNodes>
        0 -1 128055 4.2060883715748787e-03</internalNodes>
      <leafValues>
        1.7518397420644760e-02 -7.1384066343307495e-01</leafValues></_>
    <_>
      <internalNodes>
        0 -1 80811 -6.0960296541452408e-03</internalNodes>
      <leafValues>
        -3.0349382758140564e-01 3.6785181611776352e-02</leafValues></_>
    <_>
      <internalNodes>
        0 -1 11073 4.3084677308797836e-03</internalNodes>
      <leafValues>
        -5.6959476321935654e-02 2.1551713347434998e-01</leafValues></_>
    <_>
      <internalNodes>
        0 -1 13384 3.3251896500587463e-02</internalNodes>
      <leafValues>
        1.9552765414118767e-02 -6.2630110979080200e-01</leafValues></_>
    <_>
      <internalNodes>
        0 -1 27812 -5.8374236687086523e-05</internalNodes>
      <leafValues>
        1.2380880862474442e-01 -9.4067797064781189e-02</leafValues></_>
    <_>
      <internalNodes>
        0 -1 70724 6.8778975401073694e-04</internalNodes>
      <leafValues>
        -9.4198897480964661e-02 1.4741963148117065e-01</leafValues></_>
    <_>
      <internalNodes>
        0 -1 63569 -1.0421544720884413e-04</internalNodes>
      <leafValues>
        -1.7288891971111298e-01 7.3534801602363586e-02</leafValues></_>
    <_>
      <internalNodes>
        0 -1 884 -1.7567496979609132e-03</internalNodes>
      <leafValues>
        1.9300569593906403e-01 -6.9221101701259613e-02</leafValues></_>
    <_>
      <internalNodes>
        0 -1 76132 -6.2692761421203613e-02</internalNodes>
      <leafValues>
        -3.8427868485450745e-01 3.4495986998081207e-02</leafValues></_>
    <_>
      <internalNodes>
        0 -1 640 -1.3850781135261059e-02</internalNodes>
      <leafValues>
        -3.4510138630867004e-01 3.8922611624002457e-02</leafValues></_>
    <_>
      <internalNodes>
        0 -1 159885 -1.3343472033739090e-02</internalNodes>
      <leafValues>
        -3.6073738336563110e-01 3.2145440578460693e-02</leafValues></_>
    <_>
      <internalNodes>
        0 -1 161881 -1.4051980106160045e-03</internalNodes>
      <leafValues>
        2.1214957535266876e-01 -5.9764370322227478e-02</leafValues></_>
    <_>
      <internalNodes>
        0 -1 37893 -2.2732379875378683e-05</internalNodes>
      <leafValues>
        1.0862702876329422e-01 -1.2900274991989136e-01</leafValues></_>
    <_>
      <internalNodes>
        0 -1 56567 -3.9844950661063194e-03</internalNodes>
      <leafValues>
        1.7236438393592834e-01 -8.0418333411216736e-02</leafValues></_>
    <_>
      <internalNodes>
        0 -1 19954 -4.4541251845657825e-03</internalNodes>
      <leafValues>
        2.0125493407249451e-01 -6.4218275249004364e-02</leafValues></_>
    <_>
      <internalNodes>
        0 -1 114777 1.5622165799140930e-01</internalNodes>
      <leafValues>
        -2.0606879144906998e-02 5.9172177314758301e-01</leafValues></_>
    <_>
      <internalNodes>
        0 -1 6435 -3.1045383214950562e-01</internalNodes>
      <leafValues>
        3.4327405691146851e-01 -4.1642963886260986e-02</leafValues></_>
    <_>
      <internalNodes>
        0 -1 56476 -2.4695225059986115e-02</internalNodes>
      <leafValues>
        -2.1231043338775635e-01 7.5388729572296143e-02</leafValues></_>
    <_>
      <internalNodes>
        0 -1 19001 8.4354812279343605e-03</internalNodes>
      <leafValues>
        -9.0172283351421356e-02 1.5903201699256897e-01</leafValues></_>
    <_>
      <internalNodes>
        0 -1 53654 -4.2642997577786446e-03</internalNodes>
      <leafValues>
        1.9296292960643768e-01 -1.0432505607604980e-01</leafValues></_>
    <_>
      <internalNodes>
        0 -1 134432 1.2562142312526703e-01</internalNodes>
      <leafValues>
        1.8124788999557495e-02 -6.8614941835403442e-01</leafValues></_>
    <_>
      <internalNodes>
        0 -1 67703 -1.7693133559077978e-03</internalNodes>
      <leafValues>
        -3.1957274675369263e-01 4.0195286273956299e-02</leafValues></_>
    <_>
      <internalNodes>
        0 -1 13003 1.3032995047979057e-04</internalNodes>
      <leafValues>
        7.8871518373489380e-02 -1.6150079667568207e-01</leafValues></_>
    <_>
      <internalNodes>
        0 -1 133736 1.9522635266184807e-03</internalNodes>
      <leafValues>
        -6.3296616077423096e-02 2.0342139899730682e-01</leafValues></_>
    <_>
      <internalNodes>
        0 -1 127911 -2.7357465587556362e-03</internalNodes>
      <leafValues>
        1.4186589419841766e-01 -9.3718960881233215e-02</leafValues></_>
    <_>
      <internalNodes>
        0 -1 98045 5.1826746203005314e-03</internalNodes>
      <leafValues>
        3.4394230693578720e-02 -3.7993997335433960e-01</leafValues></_>
    <_>
      <internalNodes>
        0 -1 162262 3.8639554986730218e-04</internalNodes>
      <leafValues>
        1.1079212278127670e-01 -1.1879736930131912e-01</leafValues></_>
    <_>
      <internalNodes>
        0 -1 148749 -4.6281929826363921e-04</internalNodes>
      <leafValues>
        1.4758606255054474e-01 -9.1065540909767151e-02</leafValues></_>
    <_>
      <internalNodes>
        0 -1 1243 1.4327749609947205e-02</internalNodes>
      <leafValues>
        -7.1182422339916229e-02 1.8417185544967651e-01</leafValues></_>
    <_>
      <internalNodes>
        0 -1 93548 3.4740751981735229e-01</internalNodes>
      <leafValues>
        2.1907867863774300e-02 -6.5623885393142700e-01</leafValues></_>
    <_>
      <internalNodes>
        0 -1 162327 -1.6716738173272461e-04</internalNodes>
      <leafValues>
        -1.6318793594837189e-01 7.8830033540725708e-02</leafValues></_></weakClassifiers></stage19>
</opencv_storage>
