<?xml version="1.0"?>
<opencv_storage>
<stage17>
  <maxWeakCount>82</maxWeakCount>
  <stageThreshold>-1.1457141637802124e+00</stageThreshold>
  <weakClassifiers>
    <_>
      <internalNodes>
        0 -1 7515 -8.0194417387247086e-03</internalNodes>
      <leafValues>
        6.8297457695007324e-01 -1.8646958470344543e-01</leafValues></_>
    <_>
      <internalNodes>
        0 -1 121504 7.6110395602881908e-03</internalNodes>
      <leafValues>
        -1.0482221841812134e-01 6.0223066806793213e-01</leafValues></_>
    <_>
      <internalNodes>
        0 -1 6666 -3.6565663758665323e-03</internalNodes>
      <leafValues>
        -8.1090843677520752e-01 5.2852731198072433e-02</leafValues></_>
    <_>
      <internalNodes>
        0 -1 5000 -1.4616893604397774e-02</internalNodes>
      <leafValues>
        8.9074563980102539e-01 6.3367430120706558e-03</leafValues></_>
    <_>
      <internalNodes>
        0 -1 139329 1.0144818574190140e-02</internalNodes>
      <leafValues>
        -1.2442068755626678e-01 2.6364138722419739e-01</leafValues></_>
    <_>
      <internalNodes>
        0 -1 12338 -5.1119461655616760e-02</internalNodes>
      <leafValues>
        2.9967126250267029e-01 -8.0479569733142853e-02</leafValues></_>
    <_>
      <internalNodes>
        0 -1 83695 1.5682943165302277e-02</internalNodes>
      <leafValues>
        -1.3274884223937988e-01 2.3708459734916687e-01</leafValues></_>
    <_>
      <internalNodes>
        0 -1 4290 1.0890970937907696e-02</internalNodes>
      <leafValues>
        -8.0434493720531464e-02 2.4557819962501526e-01</leafValues></_>
    <_>
      <internalNodes>
        0 -1 128961 8.9995330199599266e-04</internalNodes>
      <leafValues>
        7.0253640413284302e-02 -3.5817289352416992e-01</leafValues></_>
    <_>
      <internalNodes>
        0 -1 161190 1.9579043146222830e-04</internalNodes>
      <leafValues>
        1.0623744875192642e-01 -2.0572385191917419e-01</leafValues></_>
    <_>
      <internalNodes>
        0 -1 38869 2.4167033843696117e-03</internalNodes>
      <leafValues>
        -1.2059902399778366e-01 1.9757758080959320e-01</leafValues></_>
    <_>
      <internalNodes>
        0 -1 82891 -3.1015067361295223e-04</internalNodes>
      <leafValues>
        -2.1069917082786560e-01 1.0258939862251282e-01</leafValues></_>
    <_>
      <internalNodes>
        0 -1 163 -2.4222454158007167e-05</internalNodes>
      <leafValues>
        1.0169836878776550e-01 -1.7797511816024780e-01</leafValues></_>
    <_>
      <internalNodes>
        0 -1 243 -5.7736347662284970e-04</internalNodes>
      <leafValues>
        -2.3769143223762512e-01 1.2231124937534332e-01</leafValues></_>
    <_>
      <internalNodes>
        0 -1 2157 -3.0880104750394821e-03</internalNodes>
      <leafValues>
        2.8737547993659973e-01 -7.7223844826221466e-02</leafValues></_>
    <_>
      <internalNodes>
        0 -1 13330 9.7582554444670677e-03</internalNodes>
      <leafValues>
        -8.9290954172611237e-02 2.1480782330036163e-01</leafValues></_>
    <_>
      <internalNodes>
        0 -1 78962 1.3653340283781290e-03</internalNodes>
      <leafValues>
        7.6694481074810028e-02 -2.7093306183815002e-01</leafValues></_>
    <_>
      <internalNodes>
        0 -1 66693 -2.2213633201317862e-05</internalNodes>
      <leafValues>
        1.4880172908306122e-01 -1.6593016684055328e-01</leafValues></_>
    <_>
      <internalNodes>
        0 -1 98169 1.6496053431183100e-03</internalNodes>
      <leafValues>
        3.6711420863866806e-02 -3.5227566957473755e-01</leafValues></_>
    <_>
      <internalNodes>
        0 -1 139212 2.6768830139189959e-03</internalNodes>
      <leafValues>
        -4.4190064072608948e-02 3.5138359665870667e-01</leafValues></_>
    <_>
      <internalNodes>
        0 -1 150070 6.2058409675955772e-03</internalNodes>
      <leafValues>
        -5.2058935165405273e-02 3.0513456463813782e-01</leafValues></_>
    <_>
      <internalNodes>
        0 -1 40165 -3.3885878324508667e-01</internalNodes>
      <leafValues>
        8.6449617147445679e-01 -2.1404653787612915e-02</leafValues></_>
    <_>
      <internalNodes>
        0 -1 133519 6.4842856954783201e-04</internalNodes>
      <leafValues>
        6.6613115370273590e-02 -2.7446043491363525e-01</leafValues></_>
    <_>
      <internalNodes>
        0 -1 126763 1.6439517959952354e-02</internalNodes>
      <leafValues>
        -9.4294063746929169e-02 1.7144483327865601e-01</leafValues></_>
    <_>
      <internalNodes>
        0 -1 76841 -2.2953848820179701e-03</internalNodes>
      <leafValues>
        1.6559655964374542e-01 -1.1479957401752472e-01</leafValues></_>
    <_>
      <internalNodes>
        0 -1 49639 -2.0682167814811692e-05</internalNodes>
      <leafValues>
        1.5019881725311279e-01 -1.4003588259220123e-01</leafValues></_>
    <_>
      <internalNodes>
        0 -1 71544 -2.3692802642472088e-05</internalNodes>
      <leafValues>
        1.4464725553989410e-01 -1.2899667024612427e-01</leafValues></_>
    <_>
      <internalNodes>
        0 -1 60516 -7.4900116305798292e-04</internalNodes>
      <leafValues>
        -3.3087420463562012e-01 5.4632205516099930e-02</leafValues></_>
    <_>
      <internalNodes>
        0 -1 24151 2.7884423732757568e-02</internalNodes>
      <leafValues>
        -7.7257506549358368e-02 2.4641937017440796e-01</leafValues></_>
    <_>
      <internalNodes>
        0 -1 154048 1.2309409677982330e-02</internalNodes>
      <leafValues>
        -1.0794949531555176e-01 1.5424630045890808e-01</leafValues></_>
    <_>
      <internalNodes>
        0 -1 97405 -4.7442049253731966e-04</internalNodes>
      <leafValues>
        -2.5410860776901245e-01 6.9434173405170441e-02</leafValues></_>
    <_>
      <internalNodes>
        0 -1 159657 -2.6862896047532558e-03</internalNodes>
      <leafValues>
        4.4452121853828430e-01 -4.2286325246095657e-02</leafValues></_>
    <_>
      <internalNodes>
        0 -1 111435 -4.3835749966092408e-04</internalNodes>
      <leafValues>
        1.9033069908618927e-01 -7.9200856387615204e-02</leafValues></_>
    <_>
      <internalNodes>
        0 -1 114291 -2.3888736905064434e-05</internalNodes>
      <leafValues>
        1.1383856087923050e-01 -1.3896980881690979e-01</leafValues></_>
    <_>
      <internalNodes>
        0 -1 150650 1.4896778389811516e-02</internalNodes>
      <leafValues>
        -8.6497738957405090e-02 1.9496497511863708e-01</leafValues></_>
    <_>
      <internalNodes>
        0 -1 58121 -3.2276875572279096e-04</internalNodes>
      <leafValues>
        -2.3763306438922882e-01 7.2217278182506561e-02</leafValues></_>
    <_>
      <internalNodes>
        0 -1 5819 -4.2221337556838989e-02</internalNodes>
      <leafValues>
        -4.0724986791610718e-01 3.8176521658897400e-02</leafValues></_>
    <_>
      <internalNodes>
        0 -1 145042 9.7899744287133217e-04</internalNodes>
      <leafValues>
        -1.1346255987882614e-01 1.6315454244613647e-01</leafValues></_>
    <_>
      <internalNodes>
        0 -1 21139 1.1454580351710320e-02</internalNodes>
      <leafValues>
        -7.8257985413074493e-02 2.2062197327613831e-01</leafValues></_>
    <_>
      <internalNodes>
        0 -1 33259 2.3453508038073778e-04</internalNodes>
      <leafValues>
        1.3372001051902771e-01 -1.2356384843587875e-01</leafValues></_>
    <_>
      <internalNodes>
        0 -1 152912 6.2803858891129494e-03</internalNodes>
      <leafValues>
        3.0467875301837921e-02 -4.8226907849311829e-01</leafValues></_>
    <_>
      <internalNodes>
        0 -1 155193 -2.2558008786290884e-03</internalNodes>
      <leafValues>
        1.7828926444053650e-01 -9.1501377522945404e-02</leafValues></_>
    <_>
      <internalNodes>
        0 -1 9870 -1.7777137458324432e-02</internalNodes>
      <leafValues>
        -2.1260693669319153e-01 7.1941778063774109e-02</leafValues></_>
    <_>
      <internalNodes>
        0 -1 159767 2.7128210058435798e-04</internalNodes>
      <leafValues>
        8.5333488881587982e-02 -1.8810215592384338e-01</leafValues></_>
    <_>
      <internalNodes>
        0 -1 147704 8.2424480933696032e-04</internalNodes>
      <leafValues>
        5.5821124464273453e-02 -2.6409593224525452e-01</leafValues></_>
    <_>
      <internalNodes>
        0 -1 22216 -1.1930963955819607e-03</internalNodes>
      <leafValues>
        1.1840048432350159e-01 -1.3626815378665924e-01</leafValues></_>
    <_>
      <internalNodes>
        0 -1 112075 1.1353279650211334e-01</internalNodes>
      <leafValues>
        2.1857336163520813e-02 -5.8703196048736572e-01</leafValues></_>
    <_>
      <internalNodes>
        0 -1 104060 -9.5214752946048975e-04</internalNodes>
      <leafValues>
        1.7891255021095276e-01 -8.6965844035148621e-02</leafValues></_>
    <_>
      <internalNodes>
        0 -1 3617 -5.1346644759178162e-02</internalNodes>
      <leafValues>
        6.6214072704315186e-01 -2.2380938753485680e-02</leafValues></_>
    <_>
      <internalNodes>
        0 -1 52040 -1.0941887740045786e-04</internalNodes>
      <leafValues>
        -2.3013125360012054e-01 7.9808667302131653e-02</leafValues></_>
    <_>
      <internalNodes>
        0 -1 140415 -1.1731246486306190e-03</internalNodes>
      <leafValues>
        1.6521711647510529e-01 -9.4601072371006012e-02</leafValues></_>
    <_>
      <internalNodes>
        0 -1 98406 -1.9389663357287645e-03</internalNodes>
      <leafValues>
        -4.6141257882118225e-01 3.4199744462966919e-02</leafValues></_>
    <_>
      <internalNodes>
        0 -1 2274 -7.4228928424417973e-03</internalNodes>
      <leafValues>
        5.4005235433578491e-01 -2.9086716473102570e-02</leafValues></_>
    <_>
      <internalNodes>
        0 -1 25836 -4.4434261508285999e-03</internalNodes>
      <leafValues>
        -5.0251650810241699e-01 3.3130407333374023e-02</leafValues></_>
    <_>
      <internalNodes>
        0 -1 107956 1.6442064661532640e-03</internalNodes>
      <leafValues>
        -1.0939149558544159e-01 1.5176416933536530e-01</leafValues></_>
    <_>
      <internalNodes>
        0 -1 134133 -1.9309567287564278e-03</internalNodes>
      <leafValues>
        1.3670594990253448e-01 -1.1589338630437851e-01</leafValues></_>
    <_>
      <internalNodes>
        0 -1 20581 -3.4694909118115902e-03</internalNodes>
      <leafValues>
        2.1691693365573883e-01 -7.5035259127616882e-02</leafValues></_>
    <_>
      <internalNodes>
        0 -1 128042 -2.6479519437998533e-03</internalNodes>
      <leafValues>
        -9.1237777471542358e-01 1.6058873385190964e-02</leafValues></_>
    <_>
      <internalNodes>
        0 -1 4286 1.7980366945266724e-02</internalNodes>
      <leafValues>
        2.4400046095252037e-02 -5.4060667753219604e-01</leafValues></_>
    <_>
      <internalNodes>
        0 -1 80466 1.5142068150453269e-04</internalNodes>
      <leafValues>
        6.9569692015647888e-02 -2.1428543329238892e-01</leafValues></_>
    <_>
      <internalNodes>
        0 -1 131312 2.8239595703780651e-03</internalNodes>
      <leafValues>
        -8.2981050014495850e-02 1.9304250180721283e-01</leafValues></_>
    <_>
      <internalNodes>
        0 -1 136546 -9.7698420286178589e-03</internalNodes>
      <leafValues>
        -7.3637700080871582e-01 2.3203214630484581e-02</leafValues></_>
    <_>
      <internalNodes>
        0 -1 2215 -1.0911988094449043e-02</internalNodes>
      <leafValues>
        4.4221508502960205e-01 -3.9496507495641708e-02</leafValues></_>
    <_>
      <internalNodes>
        0 -1 808 -3.1607493758201599e-02</internalNodes>
      <leafValues>
        -5.1438271999359131e-01 3.4748148173093796e-02</leafValues></_>
    <_>
      <internalNodes>
        0 -1 30711 3.9882450364530087e-03</internalNodes>
      <leafValues>
        -6.0065720230340958e-02 2.6732039451599121e-01</leafValues></_>
    <_>
      <internalNodes>
        0 -1 5845 4.8745443928055465e-04</internalNodes>
      <leafValues>
        1.3036690652370453e-01 -1.2871100008487701e-01</leafValues></_>
    <_>
      <internalNodes>
        0 -1 64390 -2.5872325059026480e-03</internalNodes>
      <leafValues>
        2.8326246142387390e-01 -6.1355128884315491e-02</leafValues></_>
    <_>
      <internalNodes>
        0 -1 138283 2.9914075275883079e-04</internalNodes>
      <leafValues>
        7.4235484004020691e-02 -2.1933564543724060e-01</leafValues></_>
    <_>
      <internalNodes>
        0 -1 152041 7.1508586406707764e-02</internalNodes>
      <leafValues>
        2.2873982787132263e-02 -6.5610289573669434e-01</leafValues></_>
    <_>
      <internalNodes>
        0 -1 152272 4.6126767992973328e-03</internalNodes>
      <leafValues>
        -9.8888307809829712e-02 1.8174500763416290e-01</leafValues></_>
    <_>
      <internalNodes>
        0 -1 89846 1.7748030368238688e-03</internalNodes>
      <leafValues>
        4.0001500397920609e-02 -3.7743136286735535e-01</leafValues></_>
    <_>
      <internalNodes>
        0 -1 17888 -6.4355723559856415e-02</internalNodes>
      <leafValues>
        -4.7518196702003479e-01 3.0659820884466171e-02</leafValues></_>
    <_>
      <internalNodes>
        0 -1 55594 2.2670547477900982e-03</internalNodes>
      <leafValues>
        -5.8191098272800446e-02 2.8726136684417725e-01</leafValues></_>
    <_>
      <internalNodes>
        0 -1 65963 -2.8644986450672150e-02</internalNodes>
      <leafValues>
        -4.3089506030082703e-01 3.8467422127723694e-02</leafValues></_>
    <_>
      <internalNodes>
        0 -1 150248 -4.5076627284288406e-03</internalNodes>
      <leafValues>
        1.7080380022525787e-01 -1.0724041610956192e-01</leafValues></_>
    <_>
      <internalNodes>
        0 -1 110445 -1.7031166702508926e-02</internalNodes>
      <leafValues>
        -3.5409423708915710e-01 4.8397198319435120e-02</leafValues></_>
    <_>
      <internalNodes>
        0 -1 21558 -2.1434207155834883e-05</internalNodes>
      <leafValues>
        1.1388653516769409e-01 -1.2834338843822479e-01</leafValues></_>
    <_>
      <internalNodes>
        0 -1 3220 -1.8707092385739088e-04</internalNodes>
      <leafValues>
        -1.3591423630714417e-01 1.2369535118341446e-01</leafValues></_>
    <_>
      <internalNodes>
        0 -1 72153 8.8840043172240257e-03</internalNodes>
      <leafValues>
        -9.4130322337150574e-02 1.6757151484489441e-01</leafValues></_>
    <_>
      <internalNodes>
        0 -1 144022 -9.9733518436551094e-04</internalNodes>
      <leafValues>
        1.7973479628562927e-01 -8.4836542606353760e-02</leafValues></_>
    <_>
      <internalNodes>
        0 -1 11054 -3.9651626721024513e-03</internalNodes>
      <leafValues>
        2.5717735290527344e-01 -6.3553132116794586e-02</leafValues></_>
    <_>
      <internalNodes>
        0 -1 9067 -1.7400607466697693e-01</internalNodes>
      <leafValues>
        -7.8766429424285889e-01 2.2458540275692940e-02</leafValues></_></weakClassifiers></stage17>
</opencv_storage>
