<?xml version="1.0"?>
<opencv_storage>
<stage13>
  <maxWeakCount>76</maxWeakCount>
  <stageThreshold>-1.2226008176803589e+00</stageThreshold>
  <weakClassifiers>
    <_>
      <internalNodes>
        0 -1 14254 -1.7096078395843506e-01</internalNodes>
      <leafValues>
        1.9223986566066742e-01 -3.2003396749496460e-01</leafValues></_>
    <_>
      <internalNodes>
        0 -1 98719 1.8083889037370682e-02</internalNodes>
      <leafValues>
        -6.1225268989801407e-02 7.8091871738433838e-01</leafValues></_>
    <_>
      <internalNodes>
        0 -1 13899 -6.9307819008827209e-02</internalNodes>
      <leafValues>
        3.3663859963417053e-01 -1.0133977979421616e-01</leafValues></_>
    <_>
      <internalNodes>
        0 -1 25915 1.5933823306113482e-03</internalNodes>
      <leafValues>
        -2.4693994224071503e-01 1.2126248329877853e-01</leafValues></_>
    <_>
      <internalNodes>
        0 -1 29664 2.0546463783830404e-03</internalNodes>
      <leafValues>
        2.5913631916046143e-01 -1.1727475374937057e-01</leafValues></_>
    <_>
      <internalNodes>
        0 -1 33166 7.4599273502826691e-02</internalNodes>
      <leafValues>
        -1.3214845955371857e-01 4.3562930822372437e-01</leafValues></_>
    <_>
      <internalNodes>
        0 -1 127295 5.7885871501639485e-04</internalNodes>
      <leafValues>
        6.7603759467601776e-02 -3.5559323430061340e-01</leafValues></_>
    <_>
      <internalNodes>
        0 -1 120899 -2.5980657665058970e-04</internalNodes>
      <leafValues>
        -2.3477332293987274e-01 1.4596073329448700e-01</leafValues></_>
    <_>
      <internalNodes>
        0 -1 77215 -3.4460145980119705e-03</internalNodes>
      <leafValues>
        2.2694258391857147e-01 -1.1233831197023392e-01</leafValues></_>
    <_>
      <internalNodes>
        0 -1 13405 4.7166817239485681e-04</internalNodes>
      <leafValues>
        1.3053055107593536e-01 -2.1669793128967285e-01</leafValues></_>
    <_>
      <internalNodes>
        0 -1 11042 -4.2171953245997429e-03</internalNodes>
      <leafValues>
        4.5979347825050354e-01 -9.3637682497501373e-02</leafValues></_>
    <_>
      <internalNodes>
        0 -1 83 -2.5065255613299087e-05</internalNodes>
      <leafValues>
        1.5830728411674500e-01 -1.6489402949810028e-01</leafValues></_>
    <_>
      <internalNodes>
        0 -1 84911 2.2157676517963409e-02</internalNodes>
      <leafValues>
        -8.5703074932098389e-02 2.5431543588638306e-01</leafValues></_>
    <_>
      <internalNodes>
        0 -1 55824 -3.9619483053684235e-02</internalNodes>
      <leafValues>
        -4.6698173880577087e-01 4.8990391194820404e-02</leafValues></_>
    <_>
      <internalNodes>
        0 -1 131739 -4.9837514758110046e-02</internalNodes>
      <leafValues>
        2.9299229383468628e-01 -7.7738307416439056e-02</leafValues></_>
    <_>
      <internalNodes>
        0 -1 12225 -1.2194681167602539e-01</internalNodes>
      <leafValues>
        2.8321415185928345e-01 -1.2235382944345474e-01</leafValues></_>
    <_>
      <internalNodes>
        0 -1 86703 -1.8200380727648735e-02</internalNodes>
      <leafValues>
        2.8009548783302307e-01 -7.7314153313636780e-02</leafValues></_>
    <_>
      <internalNodes>
        0 -1 102338 -3.6539691500365734e-03</internalNodes>
      <leafValues>
        1.8283212184906006e-01 -1.1832170188426971e-01</leafValues></_>
    <_>
      <internalNodes>
        0 -1 148387 4.6472222311422229e-04</internalNodes>
      <leafValues>
        1.1400374025106430e-01 -2.0117340981960297e-01</leafValues></_>
    <_>
      <internalNodes>
        0 -1 95189 2.4385844881180674e-05</internalNodes>
      <leafValues>
        -1.6836427152156830e-01 1.1645749211311340e-01</leafValues></_>
    <_>
      <internalNodes>
        0 -1 59489 -1.6501109348610044e-04</internalNodes>
      <leafValues>
        -1.9342373311519623e-01 1.1323333531618118e-01</leafValues></_>
    <_>
      <internalNodes>
        0 -1 91270 7.3376152431592345e-04</internalNodes>
      <leafValues>
        -1.2815599143505096e-01 1.6200704872608185e-01</leafValues></_>
    <_>
      <internalNodes>
        0 -1 102550 -3.2627612352371216e-02</internalNodes>
      <leafValues>
        -6.8787485361099243e-01 2.9458956792950630e-02</leafValues></_>
    <_>
      <internalNodes>
        0 -1 157691 8.0864010378718376e-03</internalNodes>
      <leafValues>
        -5.7469308376312256e-02 3.8291886448860168e-01</leafValues></_>
    <_>
      <internalNodes>
        0 -1 160175 1.0770086373668164e-04</internalNodes>
      <leafValues>
        9.7291424870491028e-02 -2.6760506629943848e-01</leafValues></_>
    <_>
      <internalNodes>
        0 -1 35716 -5.8654673397541046e-02</internalNodes>
      <leafValues>
        -3.9295113086700439e-01 4.5248929411172867e-02</leafValues></_>
    <_>
      <internalNodes>
        0 -1 13134 1.2153385207056999e-02</internalNodes>
      <leafValues>
        3.1325120478868484e-02 -6.1403065919876099e-01</leafValues></_>
    <_>
      <internalNodes>
        0 -1 7412 2.4433747967123054e-05</internalNodes>
      <leafValues>
        -1.3570809364318848e-01 1.4386229217052460e-01</leafValues></_>
    <_>
      <internalNodes>
        0 -1 13099 5.7437382638454437e-03</internalNodes>
      <leafValues>
        -1.0302539914846420e-01 1.8467569351196289e-01</leafValues></_>
    <_>
      <internalNodes>
        0 -1 113755 -3.7415965925902128e-04</internalNodes>
      <leafValues>
        -2.6528155803680420e-01 7.1119472384452820e-02</leafValues></_>
    <_>
      <internalNodes>
        0 -1 29510 4.5420032739639282e-01</internalNodes>
      <leafValues>
        -8.7012268602848053e-02 2.1822360157966614e-01</leafValues></_>
    <_>
      <internalNodes>
        0 -1 45223 -5.4153059609234333e-03</internalNodes>
      <leafValues>
        2.6365679502487183e-01 -1.0153255611658096e-01</leafValues></_>
    <_>
      <internalNodes>
        0 -1 94292 -5.9930654242634773e-03</internalNodes>
      <leafValues>
        2.5168862938880920e-01 -7.8855849802494049e-02</leafValues></_>
    <_>
      <internalNodes>
        0 -1 103179 -4.6805577585473657e-04</internalNodes>
      <leafValues>
        1.7093004286289215e-01 -1.1219187825918198e-01</leafValues></_>
    <_>
      <internalNodes>
        0 -1 71556 -1.7438182840123773e-03</internalNodes>
      <leafValues>
        -5.1683926582336426e-01 3.8493681699037552e-02</leafValues></_>
    <_>
      <internalNodes>
        0 -1 92957 1.6495940089225769e-01</internalNodes>
      <leafValues>
        2.7316339313983917e-02 -5.5586493015289307e-01</leafValues></_>
    <_>
      <internalNodes>
        0 -1 34427 -4.0199863724410534e-04</internalNodes>
      <leafValues>
        -2.3806793987751007e-01 7.1467638015747070e-02</leafValues></_>
    <_>
      <internalNodes>
        0 -1 161680 -2.0335805602371693e-03</internalNodes>
      <leafValues>
        3.3115458488464355e-01 -5.6416135281324387e-02</leafValues></_>
    <_>
      <internalNodes>
        0 -1 95879 -2.8294540941715240e-02</internalNodes>
      <leafValues>
        -3.1267780065536499e-01 6.3082411885261536e-02</leafValues></_>
    <_>
      <internalNodes>
        0 -1 143203 3.9227292290888727e-04</internalNodes>
      <leafValues>
        7.5103491544723511e-02 -2.3768673837184906e-01</leafValues></_>
    <_>
      <internalNodes>
        0 -1 132501 -3.8116890937089920e-03</internalNodes>
      <leafValues>
        2.9371979832649231e-01 -5.9233579784631729e-02</leafValues></_>
    <_>
      <internalNodes>
        0 -1 132758 1.7171332729049027e-04</internalNodes>
      <leafValues>
        8.5110157728195190e-02 -2.0570977032184601e-01</leafValues></_>
    <_>
      <internalNodes>
        0 -1 12114 1.0986199975013733e-01</internalNodes>
      <leafValues>
        -2.2124083712697029e-02 8.2012414932250977e-01</leafValues></_>
    <_>
      <internalNodes>
        0 -1 138089 -9.5462870376650244e-05</internalNodes>
      <leafValues>
        1.0508084297180176e-01 -1.7591191828250885e-01</leafValues></_>
    <_>
      <internalNodes>
        0 -1 159660 7.4800881557166576e-03</internalNodes>
      <leafValues>
        -4.7479685395956039e-02 3.6670204997062683e-01</leafValues></_>
    <_>
      <internalNodes>
        0 -1 159686 -1.0020143818110228e-03</internalNodes>
      <leafValues>
        2.8942254185676575e-01 -7.5460955500602722e-02</leafValues></_>
    <_>
      <internalNodes>
        0 -1 161192 -6.5418053418397903e-04</internalNodes>
      <leafValues>
        -2.6766544580459595e-01 7.2709903120994568e-02</leafValues></_>
    <_>
      <internalNodes>
        0 -1 162330 -1.7541393754072487e-04</internalNodes>
      <leafValues>
        -1.8414311110973358e-01 9.6507154405117035e-02</leafValues></_>
    <_>
      <internalNodes>
        0 -1 32820 3.9186831563711166e-02</internalNodes>
      <leafValues>
        4.4034078717231750e-02 -3.8523390889167786e-01</leafValues></_>
    <_>
      <internalNodes>
        0 -1 8808 -9.4928487669676542e-04</internalNodes>
      <leafValues>
        3.8313287496566772e-01 -4.9326281994581223e-02</leafValues></_>
    <_>
      <internalNodes>
        0 -1 2171 -6.7430891795083880e-04</internalNodes>
      <leafValues>
        -2.2174997627735138e-01 1.0443158447742462e-01</leafValues></_>
    <_>
      <internalNodes>
        0 -1 67248 -2.4318767827935517e-05</internalNodes>
      <leafValues>
        1.4800044894218445e-01 -1.1740823835134506e-01</leafValues></_>
    <_>
      <internalNodes>
        0 -1 84008 3.4627532586455345e-03</internalNodes>
      <leafValues>
        -9.1368377208709717e-02 1.9558946788311005e-01</leafValues></_>
    <_>
      <internalNodes>
        0 -1 64232 -5.4217595607042313e-03</internalNodes>
      <leafValues>
        2.5912088155746460e-01 -8.1073760986328125e-02</leafValues></_>
    <_>
      <internalNodes>
        0 -1 115067 1.4270054176449776e-02</internalNodes>
      <leafValues>
        3.4052286297082901e-02 -6.5190255641937256e-01</leafValues></_>
    <_>
      <internalNodes>
        0 -1 139017 6.5294781234115362e-04</internalNodes>
      <leafValues>
        6.3198097050189972e-02 -2.8206557035446167e-01</leafValues></_>
    <_>
      <internalNodes>
        0 -1 161584 3.4970275009982288e-05</internalNodes>
      <leafValues>
        8.7703518569469452e-02 -1.9106402993202209e-01</leafValues></_>
    <_>
      <internalNodes>
        0 -1 6670 -2.4428996766800992e-05</internalNodes>
      <leafValues>
        1.2863367795944214e-01 -1.2804758548736572e-01</leafValues></_>
    <_>
      <internalNodes>
        0 -1 10167 2.8189830482006073e-02</internalNodes>
      <leafValues>
        -8.8242538273334503e-02 2.0948427915573120e-01</leafValues></_>
    <_>
      <internalNodes>
        0 -1 147346 -1.2190332636237144e-02</internalNodes>
      <leafValues>
        2.2596298158168793e-01 -8.3099365234375000e-02</leafValues></_>
    <_>
      <internalNodes>
        0 -1 69859 -1.5183688374236226e-03</internalNodes>
      <leafValues>
        -2.2285124659538269e-01 7.8492149710655212e-02</leafValues></_>
    <_>
      <internalNodes>
        0 -1 49402 -1.0727847693488002e-03</internalNodes>
      <leafValues>
        2.2230310738086700e-01 -8.7476663291454315e-02</leafValues></_>
    <_>
      <internalNodes>
        0 -1 56686 -2.3986511223483831e-05</internalNodes>
      <leafValues>
        1.2023815512657166e-01 -1.3557906448841095e-01</leafValues></_>
    <_>
      <internalNodes>
        0 -1 65293 -5.6586168706417084e-02</internalNodes>
      <leafValues>
        -4.2198219895362854e-01 3.9742875844240189e-02</leafValues></_>
    <_>
      <internalNodes>
        0 -1 108305 -1.4356821775436401e-02</internalNodes>
      <leafValues>
        7.1911925077438354e-01 -2.5304675102233887e-02</leafValues></_>
    <_>
      <internalNodes>
        0 -1 41251 -5.3071267902851105e-03</internalNodes>
      <leafValues>
        -3.1100398302078247e-01 5.9595551341772079e-02</leafValues></_>
    <_>
      <internalNodes>
        0 -1 113915 4.3703123927116394e-02</internalNodes>
      <leafValues>
        2.1710896864533424e-02 -6.6224449872970581e-01</leafValues></_>
    <_>
      <internalNodes>
        0 -1 7945 -1.3343413360416889e-02</internalNodes>
      <leafValues>
        3.0075639486312866e-01 -6.1110403388738632e-02</leafValues></_>
    <_>
      <internalNodes>
        0 -1 124900 9.6410373225808144e-03</internalNodes>
      <leafValues>
        -8.1183023750782013e-02 2.2311057150363922e-01</leafValues></_>
    <_>
      <internalNodes>
        0 -1 71970 1.7790023982524872e-01</internalNodes>
      <leafValues>
        -1.8763130530714989e-02 7.9996693134307861e-01</leafValues></_>
    <_>
      <internalNodes>
        0 -1 154643 -2.7345103444531560e-04</internalNodes>
      <leafValues>
        -2.1564297378063202e-01 7.9524703323841095e-02</leafValues></_>
    <_>
      <internalNodes>
        0 -1 147361 2.5946809910237789e-03</internalNodes>
      <leafValues>
        -6.6780611872673035e-02 2.6489701867103577e-01</leafValues></_>
    <_>
      <internalNodes>
        0 -1 4650 -2.4793180823326111e-01</internalNodes>
      <leafValues>
        3.4975326061248779e-01 -4.5627031475305557e-02</leafValues></_>
    <_>
      <internalNodes>
        0 -1 80822 5.6158471852540970e-04</internalNodes>
      <leafValues>
        -1.2895402312278748e-01 1.3747859001159668e-01</leafValues></_>
    <_>
      <internalNodes>
        0 -1 85801 -2.6249283109791577e-04</internalNodes>
      <leafValues>
        1.3976947963237762e-01 -1.1890701204538345e-01</leafValues></_>
    <_>
      <internalNodes>
        0 -1 78636 -1.5369663015007973e-04</internalNodes>
      <leafValues>
        -2.1872092783451080e-01 8.7896585464477539e-02</leafValues></_></weakClassifiers></stage13>
</opencv_storage>
