<?xml version="1.0"?>
<opencv_storage>
<stage8>
  <maxWeakCount>45</maxWeakCount>
  <stageThreshold>-1.3934465646743774e+00</stageThreshold>
  <weakClassifiers>
    <_>
      <internalNodes>
        0 -1 240 -1.4397976337932050e-04</internalNodes>
      <leafValues>
        1.1813046038150787e-01 -3.8954284787178040e-01</leafValues></_>
    <_>
      <internalNodes>
        0 -1 37985 -3.2151571940630674e-04</internalNodes>
      <leafValues>
        -4.8706993460655212e-01 1.1078767478466034e-01</leafValues></_>
    <_>
      <internalNodes>
        0 -1 152416 -2.2588803403778002e-05</internalNodes>
      <leafValues>
        2.3180808126926422e-01 -2.5956925749778748e-01</leafValues></_>
    <_>
      <internalNodes>
        0 -1 37985 -2.4304597900481895e-05</internalNodes>
      <leafValues>
        3.3197411894798279e-01 -1.6373004019260406e-01</leafValues></_>
    <_>
      <internalNodes>
        0 -1 45423 -5.5273175239562988e-03</internalNodes>
      <leafValues>
        3.4575363993644714e-01 -1.8438269197940826e-01</leafValues></_>
    <_>
      <internalNodes>
        0 -1 8126 7.1879446506500244e-02</internalNodes>
      <leafValues>
        -9.9638119339942932e-02 5.3485333919525146e-01</leafValues></_>
    <_>
      <internalNodes>
        0 -1 39003 -4.7487113624811172e-04</internalNodes>
      <leafValues>
        -3.5357385873794556e-01 1.0526437312364578e-01</leafValues></_>
    <_>
      <internalNodes>
        0 -1 152423 2.3129625333240256e-05</internalNodes>
      <leafValues>
        -1.7972818017005920e-01 2.0836965739727020e-01</leafValues></_>
    <_>
      <internalNodes>
        0 -1 161184 -3.7735200021415949e-04</internalNodes>
      <leafValues>
        -4.4533252716064453e-01 1.0988722741603851e-01</leafValues></_>
    <_>
      <internalNodes>
        0 -1 3191 6.9648330099880695e-03</internalNodes>
      <leafValues>
        -1.2246930599212646e-01 3.7649992108345032e-01</leafValues></_>
    <_>
      <internalNodes>
        0 -1 21558 -2.3490834792028181e-05</internalNodes>
      <leafValues>
        2.0416833460330963e-01 -1.9391202926635742e-01</leafValues></_>
    <_>
      <internalNodes>
        0 -1 143196 -5.3436611779034138e-04</internalNodes>
      <leafValues>
        -4.4317269325256348e-01 8.2405321300029755e-02</leafValues></_>
    <_>
      <internalNodes>
        0 -1 57135 -1.5920218080282211e-02</internalNodes>
      <leafValues>
        6.7245703935623169e-01 -5.1876317709684372e-02</leafValues></_>
    <_>
      <internalNodes>
        0 -1 32913 -9.8396055400371552e-03</internalNodes>
      <leafValues>
        4.7001990675926208e-01 -5.3206253796815872e-02</leafValues></_>
    <_>
      <internalNodes>
        0 -1 143033 -2.3354292352451012e-05</internalNodes>
      <leafValues>
        1.3618457317352295e-01 -2.5679916143417358e-01</leafValues></_>
    <_>
      <internalNodes>
        0 -1 127767 1.5191342681646347e-03</internalNodes>
      <leafValues>
        7.4198372662067413e-02 -4.2815294861793518e-01</leafValues></_>
    <_>
      <internalNodes>
        0 -1 123552 -1.0284494608640671e-02</internalNodes>
      <leafValues>
        2.3881568014621735e-01 -1.4232338964939117e-01</leafValues></_>
    <_>
      <internalNodes>
        0 -1 149398 -2.2222375264391303e-05</internalNodes>
      <leafValues>
        1.7749507725238800e-01 -1.9214068353176117e-01</leafValues></_>
    <_>
      <internalNodes>
        0 -1 115284 1.2225018814206123e-02</internalNodes>
      <leafValues>
        -6.3836209475994110e-02 5.5984604358673096e-01</leafValues></_>
    <_>
      <internalNodes>
        0 -1 121346 -1.0161054087802768e-03</internalNodes>
      <leafValues>
        -6.9769853353500366e-01 4.9458537250757217e-02</leafValues></_>
    <_>
      <internalNodes>
        0 -1 83947 5.7298084720969200e-03</internalNodes>
      <leafValues>
        -9.0984359383583069e-02 3.8802754878997803e-01</leafValues></_>
    <_>
      <internalNodes>
        0 -1 64152 -5.2741561084985733e-03</internalNodes>
      <leafValues>
        3.6519405245780945e-01 -8.0221667885780334e-02</leafValues></_>
    <_>
      <internalNodes>
        0 -1 37997 -1.6620748210698366e-03</internalNodes>
      <leafValues>
        -5.1518344879150391e-01 6.0107752680778503e-02</leafValues></_>
    <_>
      <internalNodes>
        0 -1 139132 -2.5625063106417656e-02</internalNodes>
      <leafValues>
        3.7188535928726196e-01 -9.0145632624626160e-02</leafValues></_>
    <_>
      <internalNodes>
        0 -1 10926 -5.7451359927654266e-02</internalNodes>
      <leafValues>
        -5.5523926019668579e-01 6.3682943582534790e-02</leafValues></_>
    <_>
      <internalNodes>
        0 -1 125070 -1.3091121800243855e-03</internalNodes>
      <leafValues>
        2.9377818107604980e-01 -1.1826668679714203e-01</leafValues></_>
    <_>
      <internalNodes>
        0 -1 88536 -3.3664650982245803e-04</internalNodes>
      <leafValues>
        -3.2356098294258118e-01 9.9320881068706512e-02</leafValues></_>
    <_>
      <internalNodes>
        0 -1 78623 -3.0531402677297592e-02</internalNodes>
      <leafValues>
        2.4466840922832489e-01 -1.4715914428234100e-01</leafValues></_>
    <_>
      <internalNodes>
        0 -1 12842 -5.3607225418090820e-03</internalNodes>
      <leafValues>
        3.5722181200981140e-01 -9.5084249973297119e-02</leafValues></_>
    <_>
      <internalNodes>
        0 -1 151891 1.1554677039384842e-03</internalNodes>
      <leafValues>
        6.5746426582336426e-02 -4.7867980599403381e-01</leafValues></_>
    <_>
      <internalNodes>
        0 -1 25038 6.2366090714931488e-03</internalNodes>
      <leafValues>
        -8.1768147647380829e-02 4.1146045923233032e-01</leafValues></_>
    <_>
      <internalNodes>
        0 -1 127415 -1.2130229151807725e-04</internalNodes>
      <leafValues>
        1.1094925552606583e-01 -2.7318626642227173e-01</leafValues></_>
    <_>
      <internalNodes>
        0 -1 8155 1.9467300444375724e-04</internalNodes>
      <leafValues>
        1.2644080817699432e-01 -2.3615290224552155e-01</leafValues></_>
    <_>
      <internalNodes>
        0 -1 161445 -6.4478330314159393e-03</internalNodes>
      <leafValues>
        3.2394117116928101e-01 -9.2141456902027130e-02</leafValues></_>
    <_>
      <internalNodes>
        0 -1 156802 2.2835076379124075e-05</internalNodes>
      <leafValues>
        -1.8129865825176239e-01 1.9129462540149689e-01</leafValues></_>
    <_>
      <internalNodes>
        0 -1 114412 3.0931580113247037e-04</internalNodes>
      <leafValues>
        7.5955294072628021e-02 -3.9837485551834106e-01</leafValues></_>
    <_>
      <internalNodes>
        0 -1 127492 -1.1181868612766266e-03</internalNodes>
      <leafValues>
        -2.8956466913223267e-01 9.1496542096138000e-02</leafValues></_>
    <_>
      <internalNodes>
        0 -1 3 -2.4279954232042655e-05</internalNodes>
      <leafValues>
        1.6261674463748932e-01 -1.7394006252288818e-01</leafValues></_>
    <_>
      <internalNodes>
        0 -1 133405 6.5978994825854897e-04</internalNodes>
      <leafValues>
        1.0721443593502045e-01 -2.6974448561668396e-01</leafValues></_>
    <_>
      <internalNodes>
        0 -1 12530 -1.4418518403545022e-03</internalNodes>
      <leafValues>
        4.8392799496650696e-01 -6.2073346227407455e-02</leafValues></_>
    <_>
      <internalNodes>
        0 -1 158532 2.2778280253987759e-05</internalNodes>
      <leafValues>
        -1.5933084487915039e-01 1.7345230281352997e-01</leafValues></_>
    <_>
      <internalNodes>
        0 -1 133924 -7.9632364213466644e-03</internalNodes>
      <leafValues>
        3.2476088404655457e-01 -8.6485430598258972e-02</leafValues></_>
    <_>
      <internalNodes>
        0 -1 139258 -1.8067671917378902e-03</internalNodes>
      <leafValues>
        -4.6170142292976379e-01 6.5987914800643921e-02</leafValues></_>
    <_>
      <internalNodes>
        0 -1 110987 -6.1808675527572632e-03</internalNodes>
      <leafValues>
        2.5754693150520325e-01 -9.8213285207748413e-02</leafValues></_>
    <_>
      <internalNodes>
        0 -1 141828 3.4611737355589867e-03</internalNodes>
      <leafValues>
        -9.0118065476417542e-02 3.4969845414161682e-01</leafValues></_></weakClassifiers></stage8>
</opencv_storage>
