<?xml version="1.0"?>
<opencv_storage>
<stage15>
  <maxWeakCount>89</maxWeakCount>
  <stageThreshold>-1.1572303771972656e+00</stageThreshold>
  <weakClassifiers>
    <_>
      <internalNodes>
        0 -1 124583 6.3322342932224274e-02</internalNodes>
      <leafValues>
        -3.0633127689361572e-01 1.6596639156341553e-01</leafValues></_>
    <_>
      <internalNodes>
        0 -1 44374 -3.7368256598711014e-03</internalNodes>
      <leafValues>
        1.4376048743724823e-01 -2.7655425667762756e-01</leafValues></_>
    <_>
      <internalNodes>
        0 -1 67288 -3.5639923065900803e-02</internalNodes>
      <leafValues>
        6.0397303104400635e-01 -5.2185304462909698e-02</leafValues></_>
    <_>
      <internalNodes>
        0 -1 134775 7.3042921721935272e-03</internalNodes>
      <leafValues>
        -9.4647131860256195e-02 3.9155188202857971e-01</leafValues></_>
    <_>
      <internalNodes>
        0 -1 54261 1.2841451098211110e-04</internalNodes>
      <leafValues>
        -1.8523548543453217e-01 1.2443449348211288e-01</leafValues></_>
    <_>
      <internalNodes>
        0 -1 44401 -1.2302932191232685e-05</internalNodes>
      <leafValues>
        2.2986346483230591e-01 -1.2612585723400116e-01</leafValues></_>
    <_>
      <internalNodes>
        0 -1 4138 8.5833054035902023e-03</internalNodes>
      <leafValues>
        -1.1790493130683899e-01 2.8209325671195984e-01</leafValues></_>
    <_>
      <internalNodes>
        0 -1 23625 -5.2009470527991652e-04</internalNodes>
      <leafValues>
        -1.5912045538425446e-01 1.9330266118049622e-01</leafValues></_>
    <_>
      <internalNodes>
        0 -1 55538 -2.0117647945880890e-01</internalNodes>
      <leafValues>
        1.9793426990509033e-01 -1.4108577370643616e-01</leafValues></_>
    <_>
      <internalNodes>
        0 -1 146020 -2.5031408295035362e-03</internalNodes>
      <leafValues>
        1.8738359212875366e-01 -1.3945940136909485e-01</leafValues></_>
    <_>
      <internalNodes>
        0 -1 13098 8.2108862698078156e-02</internalNodes>
      <leafValues>
        -3.9388120174407959e-02 5.6306612491607666e-01</leafValues></_>
    <_>
      <internalNodes>
        0 -1 144118 3.5339867463335395e-04</internalNodes>
      <leafValues>
        1.2191218137741089e-01 -2.3529846966266632e-01</leafValues></_>
    <_>
      <internalNodes>
        0 -1 3170 -7.6035931706428528e-03</internalNodes>
      <leafValues>
        3.1728160381317139e-01 -8.3102479577064514e-02</leafValues></_>
    <_>
      <internalNodes>
        0 -1 31866 2.4914130335673690e-05</internalNodes>
      <leafValues>
        -1.8239922821521759e-01 1.0949946194887161e-01</leafValues></_>
    <_>
      <internalNodes>
        0 -1 6941 -4.0491402149200439e-02</internalNodes>
      <leafValues>
        8.1592738628387451e-01 -1.0377145372331142e-03</leafValues></_>
    <_>
      <internalNodes>
        0 -1 89573 6.9602811709046364e-04</internalNodes>
      <leafValues>
        6.3652105629444122e-02 -2.8119015693664551e-01</leafValues></_>
    <_>
      <internalNodes>
        0 -1 160 -2.3888984287623316e-05</internalNodes>
      <leafValues>
        1.2403923273086548e-01 -1.6065493226051331e-01</leafValues></_>
    <_>
      <internalNodes>
        0 -1 99806 5.9263603761792183e-03</internalNodes>
      <leafValues>
        -1.2687268853187561e-01 1.5766380727291107e-01</leafValues></_>
    <_>
      <internalNodes>
        0 -1 114929 -4.0680669248104095e-02</internalNodes>
      <leafValues>
        2.5720873475074768e-01 -8.8052868843078613e-02</leafValues></_>
    <_>
      <internalNodes>
        0 -1 84056 5.6621553376317024e-03</internalNodes>
      <leafValues>
        -7.9532764852046967e-02 2.2289863228797913e-01</leafValues></_>
    <_>
      <internalNodes>
        0 -1 123370 4.5232392847537994e-02</internalNodes>
      <leafValues>
        4.7545798122882843e-02 -5.2055042982101440e-01</leafValues></_>
    <_>
      <internalNodes>
        0 -1 75001 6.1182063072919846e-03</internalNodes>
      <leafValues>
        -8.7680943310260773e-02 2.5409471988677979e-01</leafValues></_>
    <_>
      <internalNodes>
        0 -1 37990 -4.6690175076946616e-04</internalNodes>
      <leafValues>
        -2.8119209408760071e-01 7.8206844627857208e-02</leafValues></_>
    <_>
      <internalNodes>
        0 -1 133493 -6.5630711615085602e-03</internalNodes>
      <leafValues>
        -4.8545715212821960e-01 1.8207360059022903e-02</leafValues></_>
    <_>
      <internalNodes>
        0 -1 29282 1.0702388361096382e-02</internalNodes>
      <leafValues>
        3.3326506614685059e-02 -4.8589155077934265e-01</leafValues></_>
    <_>
      <internalNodes>
        0 -1 49174 7.6400283724069595e-03</internalNodes>
      <leafValues>
        -5.8347325772047043e-02 2.9803079366683960e-01</leafValues></_>
    <_>
      <internalNodes>
        0 -1 37268 -2.0114546641707420e-02</internalNodes>
      <leafValues>
        4.0975776314735413e-01 -3.8572240620851517e-02</leafValues></_>
    <_>
      <internalNodes>
        0 -1 98511 3.9542675949633121e-04</internalNodes>
      <leafValues>
        6.2214460223913193e-02 -3.3065724372863770e-01</leafValues></_>
    <_>
      <internalNodes>
        0 -1 99681 1.6675204038619995e-01</internalNodes>
      <leafValues>
        -3.6351967602968216e-02 6.7299222946166992e-01</leafValues></_>
    <_>
      <internalNodes>
        0 -1 144068 2.9302409384399652e-03</internalNodes>
      <leafValues>
        5.5788829922676086e-02 -3.9515721797943115e-01</leafValues></_>
    <_>
      <internalNodes>
        0 -1 127979 -2.4428512901067734e-02</internalNodes>
      <leafValues>
        2.2547297179698944e-01 -8.5823133587837219e-02</leafValues></_>
    <_>
      <internalNodes>
        0 -1 65005 -3.0338997021317482e-02</internalNodes>
      <leafValues>
        2.6900440454483032e-01 -6.2345735728740692e-02</leafValues></_>
    <_>
      <internalNodes>
        0 -1 98071 -4.7594229690730572e-03</internalNodes>
      <leafValues>
        1.5617088973522186e-01 -1.1061537265777588e-01</leafValues></_>
    <_>
      <internalNodes>
        0 -1 74968 8.0663546919822693e-02</internalNodes>
      <leafValues>
        -9.4868049025535583e-02 2.1261547505855560e-01</leafValues></_>
    <_>
      <internalNodes>
        0 -1 90403 -2.2968199849128723e-01</internalNodes>
      <leafValues>
        -5.9782946109771729e-01 4.2150907218456268e-02</leafValues></_>
    <_>
      <internalNodes>
        0 -1 161598 5.6854286231100559e-04</internalNodes>
      <leafValues>
        1.4027903974056244e-01 -1.2085311859846115e-01</leafValues></_>
    <_>
      <internalNodes>
        0 -1 135717 4.5158462598919868e-03</internalNodes>
      <leafValues>
        -6.9572560489177704e-02 2.7044478058815002e-01</leafValues></_>
    <_>
      <internalNodes>
        0 -1 162257 -7.4842137109953910e-05</internalNodes>
      <leafValues>
        -1.9034366309642792e-01 9.1630034148693085e-02</leafValues></_>
    <_>
      <internalNodes>
        0 -1 12537 -1.3559700455516577e-03</internalNodes>
      <leafValues>
        2.5539290904998779e-01 -7.1009151637554169e-02</leafValues></_>
    <_>
      <internalNodes>
        0 -1 8842 -6.9801186327822506e-05</internalNodes>
      <leafValues>
        1.3948437571525574e-01 -1.2565998733043671e-01</leafValues></_>
    <_>
      <internalNodes>
        0 -1 11493 -1.4936502557247877e-03</internalNodes>
      <leafValues>
        2.9587200284004211e-01 -6.5522931516170502e-02</leafValues></_>
    <_>
      <internalNodes>
        0 -1 60453 -2.7481070719659328e-03</internalNodes>
      <leafValues>
        -6.0604858398437500e-01 3.0006619170308113e-02</leafValues></_>
    <_>
      <internalNodes>
        0 -1 75721 8.9064653730019927e-04</internalNodes>
      <leafValues>
        -8.0474585294723511e-02 2.0343181490898132e-01</leafValues></_>
    <_>
      <internalNodes>
        0 -1 67695 -1.8224404193460941e-03</internalNodes>
      <leafValues>
        -3.6039942502975464e-01 5.1152151077985764e-02</leafValues></_>
    <_>
      <internalNodes>
        0 -1 13391 3.4875057637691498e-02</internalNodes>
      <leafValues>
        2.7143208310008049e-02 -4.9567225575447083e-01</leafValues></_>
    <_>
      <internalNodes>
        0 -1 11382 -9.8827570676803589e-02</internalNodes>
      <leafValues>
        -4.7425538301467896e-01 2.5035832077264786e-02</leafValues></_>
    <_>
      <internalNodes>
        0 -1 26559 -2.1313351392745972e-01</internalNodes>
      <leafValues>
        -8.1636708974838257e-01 1.8282910808920860e-02</leafValues></_>
    <_>
      <internalNodes>
        0 -1 67218 2.6915604248642921e-03</internalNodes>
      <leafValues>
        3.6223292350769043e-02 -3.9293348789215088e-01</leafValues></_>
    <_>
      <internalNodes>
        0 -1 162064 7.4561772635206580e-04</internalNodes>
      <leafValues>
        -5.4189708083868027e-02 2.8733903169631958e-01</leafValues></_>
    <_>
      <internalNodes>
        0 -1 17059 4.0372382849454880e-02</internalNodes>
      <leafValues>
        5.7240147143602371e-02 -2.9419273138046265e-01</leafValues></_>
    <_>
      <internalNodes>
        0 -1 14580 9.5734745264053345e-03</internalNodes>
      <leafValues>
        -5.3002078086137772e-02 3.4785959124565125e-01</leafValues></_>
    <_>
      <internalNodes>
        0 -1 20793 -5.0008734688162804e-03</internalNodes>
      <leafValues>
        1.9150964915752411e-01 -8.2931511104106903e-02</leafValues></_>
    <_>
      <internalNodes>
        0 -1 39816 -2.1068415662739426e-05</internalNodes>
      <leafValues>
        1.1039371043443680e-01 -1.3965062797069550e-01</leafValues></_>
    <_>
      <internalNodes>
        0 -1 114085 1.0239961557090282e-03</internalNodes>
      <leafValues>
        4.7959785908460617e-02 -3.3121094107627869e-01</leafValues></_>
    <_>
      <internalNodes>
        0 -1 48474 5.2488878369331360e-02</internalNodes>
      <leafValues>
        -5.6304089725017548e-02 4.2385327816009521e-01</leafValues></_>
    <_>
      <internalNodes>
        0 -1 101672 5.8368779718875885e-02</internalNodes>
      <leafValues>
        3.9939336478710175e-02 -4.7187173366546631e-01</leafValues></_>
    <_>
      <internalNodes>
        0 -1 141313 4.8713358119130135e-03</internalNodes>
      <leafValues>
        -7.2448007762432098e-02 2.2575573623180389e-01</leafValues></_>
    <_>
      <internalNodes>
        0 -1 4997 5.5781967239454389e-04</internalNodes>
      <leafValues>
        1.1416903883218765e-01 -1.3616606593132019e-01</leafValues></_>
    <_>
      <internalNodes>
        0 -1 2156 9.1096313553862274e-05</internalNodes>
      <leafValues>
        -1.9402740895748138e-01 7.6808840036392212e-02</leafValues></_>
    <_>
      <internalNodes>
        0 -1 8816 2.0174318342469633e-04</internalNodes>
      <leafValues>
        1.2956397235393524e-01 -1.3324595987796783e-01</leafValues></_>
    <_>
      <internalNodes>
        0 -1 130755 1.2184971710667014e-03</internalNodes>
      <leafValues>
        -1.0359544306993484e-01 1.6229838132858276e-01</leafValues></_>
    <_>
      <internalNodes>
        0 -1 11591 8.6658913642168045e-03</internalNodes>
      <leafValues>
        -9.9208138883113861e-02 1.6724042594432831e-01</leafValues></_>
    <_>
      <internalNodes>
        0 -1 70418 1.1231710232095793e-04</internalNodes>
      <leafValues>
        8.7983183562755585e-02 -1.8820251524448395e-01</leafValues></_>
    <_>
      <internalNodes>
        0 -1 160718 -1.1352972360327840e-03</internalNodes>
      <leafValues>
        1.9505134224891663e-01 -7.9222254455089569e-02</leafValues></_>
    <_>
      <internalNodes>
        0 -1 161679 -2.5478593306615949e-04</internalNodes>
      <leafValues>
        -2.2006806731224060e-01 7.1556344628334045e-02</leafValues></_>
    <_>
      <internalNodes>
        0 -1 155433 -2.1953448595013469e-05</internalNodes>
      <leafValues>
        9.7047202289104462e-02 -1.5676587820053101e-01</leafValues></_>
    <_>
      <internalNodes>
        0 -1 161699 -8.8802666869014502e-04</internalNodes>
      <leafValues>
        2.3417425155639648e-01 -6.4642846584320068e-02</leafValues></_>
    <_>
      <internalNodes>
        0 -1 159548 -1.9321782747283578e-04</internalNodes>
      <leafValues>
        -1.9700971245765686e-01 8.1162169575691223e-02</leafValues></_>
    <_>
      <internalNodes>
        0 -1 159509 1.6122596571221948e-03</internalNodes>
      <leafValues>
        -8.9807547628879547e-02 2.0472495257854462e-01</leafValues></_>
    <_>
      <internalNodes>
        0 -1 144079 6.0037011280655861e-03</internalNodes>
      <leafValues>
        4.1576106101274490e-02 -3.8132077455520630e-01</leafValues></_>
    <_>
      <internalNodes>
        0 -1 17008 -8.8017940521240234e-02</internalNodes>
      <leafValues>
        -8.6057490110397339e-01 1.9408879801630974e-02</leafValues></_>
    <_>
      <internalNodes>
        0 -1 96460 -4.2493967339396477e-03</internalNodes>
      <leafValues>
        -4.0261706709861755e-01 3.2971721142530441e-02</leafValues></_>
    <_>
      <internalNodes>
        0 -1 94310 -3.6633976269513369e-03</internalNodes>
      <leafValues>
        1.7476703226566315e-01 -9.7557060420513153e-02</leafValues></_>
    <_>
      <internalNodes>
        0 -1 147555 -2.8394014225341380e-04</internalNodes>
      <leafValues>
        -2.4967952072620392e-01 7.1001604199409485e-02</leafValues></_>
    <_>
      <internalNodes>
        0 -1 102216 9.8247220739722252e-04</internalNodes>
      <leafValues>
        -8.2336142659187317e-02 1.8100392818450928e-01</leafValues></_>
    <_>
      <internalNodes>
        0 -1 120364 3.0957267154008150e-04</internalNodes>
      <leafValues>
        5.4289251565933228e-02 -2.6385030150413513e-01</leafValues></_>
    <_>
      <internalNodes>
        0 -1 88784 -1.9451025873422623e-02</internalNodes>
      <leafValues>
        -2.6802650094032288e-01 6.0408215969800949e-02</leafValues></_>
    <_>
      <internalNodes>
        0 -1 52995 1.0859914124011993e-02</internalNodes>
      <leafValues>
        -8.8869690895080566e-02 1.7323155701160431e-01</leafValues></_>
    <_>
      <internalNodes>
        0 -1 76352 -1.9032763084396720e-03</internalNodes>
      <leafValues>
        1.5455228090286255e-01 -1.0901524126529694e-01</leafValues></_>
    <_>
      <internalNodes>
        0 -1 29459 4.9128139019012451e-01</internalNodes>
      <leafValues>
        -5.5379323661327362e-02 2.7263280749320984e-01</leafValues></_>
    <_>
      <internalNodes>
        0 -1 154601 -5.9423288330435753e-03</internalNodes>
      <leafValues>
        3.0484056472778320e-01 -5.3189527243375778e-02</leafValues></_>
    <_>
      <internalNodes>
        0 -1 25185 -1.2035191059112549e-01</internalNodes>
      <leafValues>
        4.8982325196266174e-01 -3.2546628266572952e-02</leafValues></_>
    <_>
      <internalNodes>
        0 -1 90611 -3.7344121374189854e-03</internalNodes>
      <leafValues>
        -2.8930303454399109e-01 5.6716971099376678e-02</leafValues></_>
    <_>
      <internalNodes>
        0 -1 103288 -4.9315006472170353e-03</internalNodes>
      <leafValues>
        1.5207029879093170e-01 -1.0382692515850067e-01</leafValues></_>
    <_>
      <internalNodes>
        0 -1 106695 -1.9371569156646729e-02</internalNodes>
      <leafValues>
        -6.0381203889846802e-01 2.4926805868744850e-02</leafValues></_>
    <_>
      <internalNodes>
        0 -1 37195 -2.0874431356787682e-05</internalNodes>
      <leafValues>
        1.2948761880397797e-01 -1.2459007650613785e-01</leafValues></_>
    <_>
      <internalNodes>
        0 -1 11882 -3.1563488300889730e-04</internalNodes>
      <leafValues>
        1.9899311661720276e-01 -7.8282766044139862e-02</leafValues></_>
    <_>
      <internalNodes>
        0 -1 1111 1.1918935342691839e-04</internalNodes>
      <leafValues>
        8.4768943488597870e-02 -1.7827844619750977e-01</leafValues></_>
    <_>
      <internalNodes>
        0 -1 45213 -4.7738868743181229e-03</internalNodes>
      <leafValues>
        2.4186034500598907e-01 -6.2695935368537903e-02</leafValues></_></weakClassifiers></stage15>
</opencv_storage>
