<?xml version="1.0"?>
<opencv_storage>
<stage14>
  <maxWeakCount>76</maxWeakCount>
  <stageThreshold>-1.1794162988662720e+00</stageThreshold>
  <weakClassifiers>
    <_>
      <internalNodes>
        0 -1 14970 -2.7799934148788452e-01</internalNodes>
      <leafValues>
        8.2741117477416992e-01 -1.8020410835742950e-01</leafValues></_>
    <_>
      <internalNodes>
        0 -1 115209 9.6624363213777542e-03</internalNodes>
      <leafValues>
        -8.8792726397514343e-02 5.0048631429672241e-01</leafValues></_>
    <_>
      <internalNodes>
        0 -1 13050 -2.6832003146409988e-02</internalNodes>
      <leafValues>
        3.1467118859291077e-01 -9.4762995839118958e-02</leafValues></_>
    <_>
      <internalNodes>
        0 -1 38653 2.5531523860991001e-03</internalNodes>
      <leafValues>
        -1.4458309113979340e-01 2.6482790708541870e-01</leafValues></_>
    <_>
      <internalNodes>
        0 -1 49481 -2.0316227164585143e-05</internalNodes>
      <leafValues>
        2.1718525886535645e-01 -1.1019010841846466e-01</leafValues></_>
    <_>
      <internalNodes>
        0 -1 50380 -1.1637576972134411e-04</internalNodes>
      <leafValues>
        -3.3914595842361450e-01 5.0870090723037720e-02</leafValues></_>
    <_>
      <internalNodes>
        0 -1 84497 -3.0774315819144249e-02</internalNodes>
      <leafValues>
        -3.7957847118377686e-01 7.4650704860687256e-02</leafValues></_>
    <_>
      <internalNodes>
        0 -1 94143 -6.8776197731494904e-03</internalNodes>
      <leafValues>
        2.1132482588291168e-01 -1.1245040595531464e-01</leafValues></_>
    <_>
      <internalNodes>
        0 -1 33823 -2.4053111701505259e-05</internalNodes>
      <leafValues>
        1.1794045567512512e-01 -1.7589515447616577e-01</leafValues></_>
    <_>
      <internalNodes>
        0 -1 9083 8.3722591400146484e-02</internalNodes>
      <leafValues>
        -8.2642279565334320e-02 2.7749767899513245e-01</leafValues></_>
    <_>
      <internalNodes>
        0 -1 44176 -4.6971529722213745e-02</internalNodes>
      <leafValues>
        2.3935776948928833e-01 -1.0301297903060913e-01</leafValues></_>
    <_>
      <internalNodes>
        0 -1 130886 2.5964196538552642e-05</internalNodes>
      <leafValues>
        -2.0102542638778687e-01 1.2532374262809753e-01</leafValues></_>
    <_>
      <internalNodes>
        0 -1 114073 -3.1798850744962692e-02</internalNodes>
      <leafValues>
        2.7198925614356995e-01 -7.9959496855735779e-02</leafValues></_>
    <_>
      <internalNodes>
        0 -1 127275 -8.5825268179178238e-03</internalNodes>
      <leafValues>
        1.6065882146358490e-01 -1.5354076027870178e-01</leafValues></_>
    <_>
      <internalNodes>
        0 -1 124600 1.6557559138163924e-03</internalNodes>
      <leafValues>
        -1.0843490809202194e-01 2.1627813577651978e-01</leafValues></_>
    <_>
      <internalNodes>
        0 -1 121143 6.6808494739234447e-04</internalNodes>
      <leafValues>
        3.6625750362873077e-02 -5.0952708721160889e-01</leafValues></_>
    <_>
      <internalNodes>
        0 -1 121351 -1.2129045790061355e-03</internalNodes>
      <leafValues>
        -5.1508432626724243e-01 3.8059465587139130e-02</leafValues></_>
    <_>
      <internalNodes>
        0 -1 8822 -1.5646084211766720e-03</internalNodes>
      <leafValues>
        2.5977483391761780e-01 -8.1665143370628357e-02</leafValues></_>
    <_>
      <internalNodes>
        0 -1 70718 9.4606773927807808e-04</internalNodes>
      <leafValues>
        3.7272792309522629e-02 -5.9517735242843628e-01</leafValues></_>
    <_>
      <internalNodes>
        0 -1 143877 -4.2571965605020523e-03</internalNodes>
      <leafValues>
        2.1738623082637787e-01 -9.8144382238388062e-02</leafValues></_>
    <_>
      <internalNodes>
        0 -1 132963 -7.3303154204040766e-04</internalNodes>
      <leafValues>
        -2.8859558701515198e-01 6.1799876391887665e-02</leafValues></_>
    <_>
      <internalNodes>
        0 -1 132954 4.9158767797052860e-04</internalNodes>
      <leafValues>
        8.3080805838108063e-02 -2.6284572482109070e-01</leafValues></_>
    <_>
      <internalNodes>
        0 -1 93192 2.9417122714221478e-03</internalNodes>
      <leafValues>
        -1.0293281823396683e-01 1.8316133320331573e-01</leafValues></_>
    <_>
      <internalNodes>
        0 -1 103244 -3.3849638421088457e-03</internalNodes>
      <leafValues>
        1.8717385828495026e-01 -1.1203378438949585e-01</leafValues></_>
    <_>
      <internalNodes>
        0 -1 148253 1.2043839087709785e-03</internalNodes>
      <leafValues>
        -7.8921787440776825e-02 2.3379516601562500e-01</leafValues></_>
    <_>
      <internalNodes>
        0 -1 79005 5.8496481506153941e-04</internalNodes>
      <leafValues>
        7.1882873773574829e-02 -2.7017873525619507e-01</leafValues></_>
    <_>
      <internalNodes>
        0 -1 157939 -1.0300387657480314e-05</internalNodes>
      <leafValues>
        1.1300347745418549e-01 -1.6143266856670380e-01</leafValues></_>
    <_>
      <internalNodes>
        0 -1 143128 -7.9713785089552402e-04</internalNodes>
      <leafValues>
        -2.1269130706787109e-01 9.0865105390548706e-02</leafValues></_>
    <_>
      <internalNodes>
        0 -1 120130 -2.2820229787612334e-05</internalNodes>
      <leafValues>
        1.0499778389930725e-01 -1.8397027254104614e-01</leafValues></_>
    <_>
      <internalNodes>
        0 -1 28657 -1.5250276192091405e-04</internalNodes>
      <leafValues>
        -2.2471915185451508e-01 8.9184969663619995e-02</leafValues></_>
    <_>
      <internalNodes>
        0 -1 30341 -2.4224551452789456e-05</internalNodes>
      <leafValues>
        1.3803401589393616e-01 -1.5282551944255829e-01</leafValues></_>
    <_>
      <internalNodes>
        0 -1 1268 3.8858060725033283e-03</internalNodes>
      <leafValues>
        -9.8812468349933624e-02 2.6306441426277161e-01</leafValues></_>
    <_>
      <internalNodes>
        0 -1 79329 -1.9596290076151490e-04</internalNodes>
      <leafValues>
        -2.3910833895206451e-01 7.5580812990665436e-02</leafValues></_>
    <_>
      <internalNodes>
        0 -1 143549 -1.2061304878443480e-03</internalNodes>
      <leafValues>
        1.8112504482269287e-01 -9.2323437333106995e-02</leafValues></_>
    <_>
      <internalNodes>
        0 -1 106688 5.9016689192503691e-04</internalNodes>
      <leafValues>
        5.9809982776641846e-02 -2.9901996254920959e-01</leafValues></_>
    <_>
      <internalNodes>
        0 -1 47005 8.5733443498611450e-02</internalNodes>
      <leafValues>
        -3.7569276988506317e-02 5.2297061681747437e-01</leafValues></_>
    <_>
      <internalNodes>
        0 -1 161341 3.1216908246278763e-03</internalNodes>
      <leafValues>
        -3.3719141036272049e-02 4.3281966447830200e-01</leafValues></_>
    <_>
      <internalNodes>
        0 -1 147820 -1.2761587277054787e-04</internalNodes>
      <leafValues>
        -2.3226749897003174e-01 7.9008713364601135e-02</leafValues></_>
    <_>
      <internalNodes>
        0 -1 120694 -4.5448046876117587e-04</internalNodes>
      <leafValues>
        8.1762246787548065e-02 -2.2852011024951935e-01</leafValues></_>
    <_>
      <internalNodes>
        0 -1 80898 2.8599835932254791e-02</internalNodes>
      <leafValues>
        2.3826351389288902e-02 -6.2679338455200195e-01</leafValues></_>
    <_>
      <internalNodes>
        0 -1 63085 2.7494166046380997e-02</internalNodes>
      <leafValues>
        -9.4232805073261261e-02 1.9776438176631927e-01</leafValues></_>
    <_>
      <internalNodes>
        0 -1 1581 -1.3731271028518677e-01</internalNodes>
      <leafValues>
        4.2574048042297363e-01 -4.1914951056241989e-02</leafValues></_>
    <_>
      <internalNodes>
        0 -1 140682 2.8231926989974454e-05</internalNodes>
      <leafValues>
        -1.6919298470020294e-01 1.0404900461435318e-01</leafValues></_>
    <_>
      <internalNodes>
        0 -1 157926 -2.8930203989148140e-03</internalNodes>
      <leafValues>
        1.4267738163471222e-01 -1.2008490413427353e-01</leafValues></_>
    <_>
      <internalNodes>
        0 -1 150143 -7.4555876199156046e-04</internalNodes>
      <leafValues>
        2.1958738565444946e-01 -7.5186409056186676e-02</leafValues></_>
    <_>
      <internalNodes>
        0 -1 80767 2.3032638709992170e-03</internalNodes>
      <leafValues>
        2.2583868354558945e-02 -6.9890713691711426e-01</leafValues></_>
    <_>
      <internalNodes>
        0 -1 162164 -7.9082837328314781e-03</internalNodes>
      <leafValues>
        3.3774915337562561e-01 -5.2603017538785934e-02</leafValues></_>
    <_>
      <internalNodes>
        0 -1 128200 -2.3927343136165291e-05</internalNodes>
      <leafValues>
        1.3139663636684418e-01 -1.5275979042053223e-01</leafValues></_>
    <_>
      <internalNodes>
        0 -1 162182 -1.1316053569316864e-02</internalNodes>
      <leafValues>
        -5.0194531679153442e-01 3.7168987095355988e-02</leafValues></_>
    <_>
      <internalNodes>
        0 -1 74916 -5.5474199354648590e-02</internalNodes>
      <leafValues>
        -5.7591807842254639e-01 2.6812128722667694e-02</leafValues></_>
    <_>
      <internalNodes>
        0 -1 21603 -2.1423371508717537e-03</internalNodes>
      <leafValues>
        2.1447558701038361e-01 -8.0966673791408539e-02</leafValues></_>
    <_>
      <internalNodes>
        0 -1 139 -1.8599160830490291e-04</internalNodes>
      <leafValues>
        -1.5878653526306152e-01 1.1556570231914520e-01</leafValues></_>
    <_>
      <internalNodes>
        0 -1 159430 -2.8559111524373293e-04</internalNodes>
      <leafValues>
        -2.1721896529197693e-01 6.9623194634914398e-02</leafValues></_>
    <_>
      <internalNodes>
        0 -1 35333 -7.1234345436096191e-02</internalNodes>
      <leafValues>
        2.6211866736412048e-01 -6.3787080347537994e-02</leafValues></_>
    <_>
      <internalNodes>
        0 -1 12842 -4.7098100185394287e-03</internalNodes>
      <leafValues>
        2.1666328608989716e-01 -7.6939478516578674e-02</leafValues></_>
    <_>
      <internalNodes>
        0 -1 12601 1.4557253569364548e-02</internalNodes>
      <leafValues>
        -6.2226589769124985e-02 3.0204999446868896e-01</leafValues></_>
    <_>
      <internalNodes>
        0 -1 49548 -3.5542356781661510e-03</internalNodes>
      <leafValues>
        -2.6170042157173157e-01 8.1678479909896851e-02</leafValues></_>
    <_>
      <internalNodes>
        0 -1 43753 -1.9638468074845150e-05</internalNodes>
      <leafValues>
        1.1999992281198502e-01 -1.4803825318813324e-01</leafValues></_>
    <_>
      <internalNodes>
        0 -1 155611 -8.4480049554258585e-04</internalNodes>
      <leafValues>
        3.1606599688529968e-01 -5.0717014819383621e-02</leafValues></_>
    <_>
      <internalNodes>
        0 -1 151964 1.7960299737751484e-03</internalNodes>
      <leafValues>
        4.3187689036130905e-02 -3.8647174835205078e-01</leafValues></_>
    <_>
      <internalNodes>
        0 -1 148322 5.3242938593029976e-03</internalNodes>
      <leafValues>
        1.9238639622926712e-02 -7.1356672048568726e-01</leafValues></_>
    <_>
      <internalNodes>
        0 -1 30539 1.1202096939086914e-02</internalNodes>
      <leafValues>
        -8.9876435697078705e-02 1.7673940956592560e-01</leafValues></_>
    <_>
      <internalNodes>
        0 -1 100692 -1.2258663773536682e-02</internalNodes>
      <leafValues>
        -2.5342366099357605e-01 7.0870399475097656e-02</leafValues></_>
    <_>
      <internalNodes>
        0 -1 117954 -3.4608179703354836e-03</internalNodes>
      <leafValues>
        1.5612384676933289e-01 -9.9564552307128906e-02</leafValues></_>
    <_>
      <internalNodes>
        0 -1 120565 9.9929369753226638e-05</internalNodes>
      <leafValues>
        7.9240642488002777e-02 -2.0476011931896210e-01</leafValues></_>
    <_>
      <internalNodes>
        0 -1 92769 2.4704212322831154e-02</internalNodes>
      <leafValues>
        -8.6994327604770660e-02 1.9125625491142273e-01</leafValues></_>
    <_>
      <internalNodes>
        0 -1 99031 2.2921857237815857e-01</internalNodes>
      <leafValues>
        2.3388525471091270e-02 -8.5871291160583496e-01</leafValues></_>
    <_>
      <internalNodes>
        0 -1 15370 -2.4727671188884415e-05</internalNodes>
      <leafValues>
        1.2474124133586884e-01 -1.2424461543560028e-01</leafValues></_>
    <_>
      <internalNodes>
        0 -1 3133 -4.0909589733928442e-04</internalNodes>
      <leafValues>
        -3.4440782666206360e-01 5.2786923944950104e-02</leafValues></_>
    <_>
      <internalNodes>
        0 -1 116755 3.4396585077047348e-02</internalNodes>
      <leafValues>
        -6.6120974719524384e-02 2.3753648996353149e-01</leafValues></_>
    <_>
      <internalNodes>
        0 -1 114698 -1.2580947950482368e-02</internalNodes>
      <leafValues>
        1.9558873772621155e-01 -1.0241733491420746e-01</leafValues></_>
    <_>
      <internalNodes>
        0 -1 43384 5.1417976617813110e-02</internalNodes>
      <leafValues>
        6.0690149664878845e-02 -2.6709803938865662e-01</leafValues></_>
    <_>
      <internalNodes>
        0 -1 36441 1.0760586708784103e-01</internalNodes>
      <leafValues>
        -2.6429684832692146e-02 5.8243030309677124e-01</leafValues></_>
    <_>
      <internalNodes>
        0 -1 133401 3.1494372524321079e-04</internalNodes>
      <leafValues>
        7.2840675711631775e-02 -2.1855500340461731e-01</leafValues></_>
    <_>
      <internalNodes>
        0 -1 60124 -3.6816240753978491e-04</internalNodes>
      <leafValues>
        1.9196413457393646e-01 -8.6581565439701080e-02</leafValues></_>
    <_>
      <internalNodes>
        0 -1 131791 -8.7116565555334091e-03</internalNodes>
      <leafValues>
        2.7350723743438721e-01 -5.6966807693243027e-02</leafValues></_></weakClassifiers></stage14>
</opencv_storage>
