<?xml version="1.0"?>
<opencv_storage>
<stage2>
  <maxWeakCount>23</maxWeakCount>
  <stageThreshold>-1.4770076274871826e+00</stageThreshold>
  <weakClassifiers>
    <_>
      <internalNodes>
        0 -1 7760 -2.7829748578369617e-03</internalNodes>
      <leafValues>
        2.7551731467247009e-01 -6.6173750162124634e-01</leafValues></_>
    <_>
      <internalNodes>
        0 -1 113831 1.8022768199443817e-03</internalNodes>
      <leafValues>
        1.5916666388511658e-01 -5.5746483802795410e-01</leafValues></_>
    <_>
      <internalNodes>
        0 -1 139876 1.3940772041678429e-02</internalNodes>
      <leafValues>
        -2.3510207235813141e-01 3.7649118900299072e-01</leafValues></_>
    <_>
      <internalNodes>
        0 -1 25918 3.7478713784366846e-04</internalNodes>
      <leafValues>
        2.4617469310760498e-01 -3.0588793754577637e-01</leafValues></_>
    <_>
      <internalNodes>
        0 -1 19558 1.5037259459495544e-01</internalNodes>
      <leafValues>
        -1.0167719423770905e-01 7.0586013793945313e-01</leafValues></_>
    <_>
      <internalNodes>
        0 -1 85073 -4.7920428216457367e-02</internalNodes>
      <leafValues>
        4.3016225099563599e-01 -1.6207675635814667e-01</leafValues></_>
    <_>
      <internalNodes>
        0 -1 75707 2.2048979997634888e-01</internalNodes>
      <leafValues>
        -1.6625224053859711e-01 4.1762268543243408e-01</leafValues></_>
    <_>
      <internalNodes>
        0 -1 6697 1.3547252456191927e-04</internalNodes>
      <leafValues>
        2.3552764952182770e-01 -2.8562343120574951e-01</leafValues></_>
    <_>
      <internalNodes>
        0 -1 114680 8.0196842551231384e-02</internalNodes>
      <leafValues>
        -1.2382107973098755e-01 6.6826969385147095e-01</leafValues></_>
    <_>
      <internalNodes>
        0 -1 89442 1.3516168110072613e-03</internalNodes>
      <leafValues>
        1.5413360297679901e-01 -4.5995545387268066e-01</leafValues></_>
    <_>
      <internalNodes>
        0 -1 155682 -1.3341292287805118e-05</internalNodes>
      <leafValues>
        2.0759898424148560e-01 -3.0753895640373230e-01</leafValues></_>
    <_>
      <internalNodes>
        0 -1 100836 -6.7038163542747498e-03</internalNodes>
      <leafValues>
        4.1855362057685852e-01 -1.5939056873321533e-01</leafValues></_>
    <_>
      <internalNodes>
        0 -1 76210 -2.8530873358249664e-02</internalNodes>
      <leafValues>
        4.5226559042930603e-01 -1.0415725409984589e-01</leafValues></_>
    <_>
      <internalNodes>
        0 -1 106282 3.5774504067376256e-04</internalNodes>
      <leafValues>
        1.5470559895038605e-01 -3.7290847301483154e-01</leafValues></_>
    <_>
      <internalNodes>
        0 -1 121002 -1.0282784700393677e-02</internalNodes>
      <leafValues>
        3.7167036533355713e-01 -1.4670543372631073e-01</leafValues></_>
    <_>
      <internalNodes>
        0 -1 1111 1.9499677000567317e-04</internalNodes>
      <leafValues>
        1.5767163038253784e-01 -3.3278003334999084e-01</leafValues></_>
    <_>
      <internalNodes>
        0 -1 56071 1.0589065030217171e-02</internalNodes>
      <leafValues>
        -1.1525229364633560e-01 5.3077232837677002e-01</leafValues></_>
    <_>
      <internalNodes>
        0 -1 162257 -1.2568495003506541e-04</internalNodes>
      <leafValues>
        -3.4058907628059387e-01 1.6958057880401611e-01</leafValues></_>
    <_>
      <internalNodes>
        0 -1 140682 -1.5842085122130811e-04</internalNodes>
      <leafValues>
        -2.9100245237350464e-01 1.7958408594131470e-01</leafValues></_>
    <_>
      <internalNodes>
        0 -1 49636 -8.9247908908873796e-04</internalNodes>
      <leafValues>
        -3.9358812570571899e-01 1.3466241955757141e-01</leafValues></_>
    <_>
      <internalNodes>
        0 -1 120393 6.5909978002309799e-04</internalNodes>
      <leafValues>
        1.2774032354354858e-01 -3.7196063995361328e-01</leafValues></_>
    <_>
      <internalNodes>
        0 -1 105077 -3.2113158702850342e-01</internalNodes>
      <leafValues>
        -9.5199942588806152e-01 5.7505533099174500e-02</leafValues></_>
    <_>
      <internalNodes>
        0 -1 89831 4.1197962127625942e-04</internalNodes>
      <leafValues>
        9.9049389362335205e-02 -4.0812918543815613e-01</leafValues></_></weakClassifiers></stage2>
</opencv_storage>
