<?xml version="1.0"?>
<opencv_storage>
<stage12>
  <maxWeakCount>63</maxWeakCount>
  <stageThreshold>-1.2256335020065308e+00</stageThreshold>
  <weakClassifiers>
    <_>
      <internalNodes>
        0 -1 155437 3.9913033833727241e-04</internalNodes>
      <leafValues>
        -3.0599880218505859e-01 2.1263481676578522e-01</leafValues></_>
    <_>
      <internalNodes>
        0 -1 13145 -1.1018242686986923e-02</internalNodes>
      <leafValues>
        2.1827587485313416e-01 -1.6360935568809509e-01</leafValues></_>
    <_>
      <internalNodes>
        0 -1 38261 -1.5644258260726929e-01</internalNodes>
      <leafValues>
        7.9535758495330811e-01 -3.9796940982341766e-02</leafValues></_>
    <_>
      <internalNodes>
        0 -1 155241 -7.1518472395837307e-04</internalNodes>
      <leafValues>
        3.1200331449508667e-01 -1.1917423456907272e-01</leafValues></_>
    <_>
      <internalNodes>
        0 -1 127734 -2.7670948766171932e-03</internalNodes>
      <leafValues>
        1.8747054040431976e-01 -1.8704548478126526e-01</leafValues></_>
    <_>
      <internalNodes>
        0 -1 155955 -1.9907642126781866e-05</internalNodes>
      <leafValues>
        1.6014339029788971e-01 -1.6038201749324799e-01</leafValues></_>
    <_>
      <internalNodes>
        0 -1 113782 1.0520227951928973e-03</internalNodes>
      <leafValues>
        1.1055175960063934e-01 -3.5946080088615417e-01</leafValues></_>
    <_>
      <internalNodes>
        0 -1 31860 -2.0038814909639768e-05</internalNodes>
      <leafValues>
        1.3240858912467957e-01 -1.9238486886024475e-01</leafValues></_>
    <_>
      <internalNodes>
        0 -1 137334 -3.9611082524061203e-02</internalNodes>
      <leafValues>
        2.5263032317161560e-01 -1.0923942923545837e-01</leafValues></_>
    <_>
      <internalNodes>
        0 -1 133222 -9.0330503880977631e-03</internalNodes>
      <leafValues>
        2.3332683742046356e-01 -1.3927386701107025e-01</leafValues></_>
    <_>
      <internalNodes>
        0 -1 60598 -1.6138743376359344e-04</internalNodes>
      <leafValues>
        -2.1176576614379883e-01 1.5100318193435669e-01</leafValues></_>
    <_>
      <internalNodes>
        0 -1 151447 8.6868423968553543e-03</internalNodes>
      <leafValues>
        -1.0966274142265320e-01 2.4920056760311127e-01</leafValues></_>
    <_>
      <internalNodes>
        0 -1 159163 -6.1942171305418015e-03</internalNodes>
      <leafValues>
        2.9254472255706787e-01 -8.5808143019676208e-02</leafValues></_>
    <_>
      <internalNodes>
        0 -1 140774 1.1576429242268205e-03</internalNodes>
      <leafValues>
        -1.2486626952886581e-01 1.9495041668415070e-01</leafValues></_>
    <_>
      <internalNodes>
        0 -1 155249 -2.2929934784770012e-03</internalNodes>
      <leafValues>
        -5.0211185216903687e-01 6.3417017459869385e-02</leafValues></_>
    <_>
      <internalNodes>
        0 -1 158082 -4.7407327219843864e-03</internalNodes>
      <leafValues>
        -6.2111097574234009e-01 2.7236297726631165e-02</leafValues></_>
    <_>
      <internalNodes>
        0 -1 79626 -3.4666806459426880e-04</internalNodes>
      <leafValues>
        -3.4177294373512268e-01 6.0646362602710724e-02</leafValues></_>
    <_>
      <internalNodes>
        0 -1 136275 -9.7348848357796669e-03</internalNodes>
      <leafValues>
        2.6988932490348816e-01 -8.6792826652526855e-02</leafValues></_>
    <_>
      <internalNodes>
        0 -1 133528 8.7501609232276678e-04</internalNodes>
      <leafValues>
        6.8163633346557617e-02 -3.2812735438346863e-01</leafValues></_>
    <_>
      <internalNodes>
        0 -1 152059 -1.7607051879167557e-02</internalNodes>
      <leafValues>
        4.1118815541267395e-01 -5.9465333819389343e-02</leafValues></_>
    <_>
      <internalNodes>
        0 -1 159739 7.2238341090269387e-05</internalNodes>
      <leafValues>
        1.0424514114856720e-01 -2.2146201133728027e-01</leafValues></_>
    <_>
      <internalNodes>
        0 -1 12027 1.8589369952678680e-02</internalNodes>
      <leafValues>
        -8.9540809392929077e-02 2.2426794469356537e-01</leafValues></_>
    <_>
      <internalNodes>
        0 -1 24196 -7.2455368936061859e-03</internalNodes>
      <leafValues>
        2.0653361082077026e-01 -1.0906317085027695e-01</leafValues></_>
    <_>
      <internalNodes>
        0 -1 114439 -3.4788670018315315e-03</internalNodes>
      <leafValues>
        -6.2701147794723511e-01 3.9371430873870850e-02</leafValues></_>
    <_>
      <internalNodes>
        0 -1 128130 1.3646574690937996e-02</internalNodes>
      <leafValues>
        -3.8852680474519730e-02 6.2999475002288818e-01</leafValues></_>
    <_>
      <internalNodes>
        0 -1 107972 2.3371213674545288e-01</internalNodes>
      <leafValues>
        -8.3238869905471802e-02 2.7992090582847595e-01</leafValues></_>
    <_>
      <internalNodes>
        0 -1 33470 -1.6535425558686256e-02</internalNodes>
      <leafValues>
        2.1385490894317627e-01 -1.1662999540567398e-01</leafValues></_>
    <_>
      <internalNodes>
        0 -1 24422 -8.5909297922626138e-04</internalNodes>
      <leafValues>
        2.1648685634136200e-01 -1.2290959060192108e-01</leafValues></_>
    <_>
      <internalNodes>
        0 -1 159739 -1.1518044630065560e-04</internalNodes>
      <leafValues>
        -1.7352518439292908e-01 1.3153432309627533e-01</leafValues></_>
    <_>
      <internalNodes>
        0 -1 11919 1.0323814116418362e-02</internalNodes>
      <leafValues>
        -4.8095554113388062e-02 4.3553555011749268e-01</leafValues></_>
    <_>
      <internalNodes>
        0 -1 139146 -1.1862298473715782e-02</internalNodes>
      <leafValues>
        -7.0838087797164917e-01 3.2332334667444229e-02</leafValues></_>
    <_>
      <internalNodes>
        0 -1 104754 5.9812637045979500e-03</internalNodes>
      <leafValues>
        -4.0439318865537643e-02 6.1152791976928711e-01</leafValues></_>
    <_>
      <internalNodes>
        0 -1 148753 8.8219828903675079e-03</internalNodes>
      <leafValues>
        -4.6468276530504227e-02 3.9516657590866089e-01</leafValues></_>
    <_>
      <internalNodes>
        0 -1 53997 3.4881167113780975e-02</internalNodes>
      <leafValues>
        9.2561013996601105e-02 -2.3369769752025604e-01</leafValues></_>
    <_>
      <internalNodes>
        0 -1 127482 -2.5764541351236403e-04</internalNodes>
      <leafValues>
        -2.0923049747943878e-01 8.5537567734718323e-02</leafValues></_>
    <_>
      <internalNodes>
        0 -1 3514 3.0079577118158340e-02</internalNodes>
      <leafValues>
        -1.1967334896326065e-01 1.7805245518684387e-01</leafValues></_>
    <_>
      <internalNodes>
        0 -1 26049 -5.2632123697549105e-04</internalNodes>
      <leafValues>
        1.7230999469757080e-01 -1.3607306778430939e-01</leafValues></_>
    <_>
      <internalNodes>
        0 -1 70721 -3.1024974305182695e-04</internalNodes>
      <leafValues>
        -3.1111660599708557e-01 6.9075331091880798e-02</leafValues></_>
    <_>
      <internalNodes>
        0 -1 54231 3.4035894274711609e-01</internalNodes>
      <leafValues>
        -8.3550073206424713e-02 2.8025996685028076e-01</leafValues></_>
    <_>
      <internalNodes>
        0 -1 27390 4.2600105516612530e-03</internalNodes>
      <leafValues>
        -1.1802951246500015e-01 1.7412485182285309e-01</leafValues></_>
    <_>
      <internalNodes>
        0 -1 162113 1.8620325718075037e-03</internalNodes>
      <leafValues>
        1.7702305316925049e-01 -1.3129626214504242e-01</leafValues></_>
    <_>
      <internalNodes>
        0 -1 106866 4.8539057024754584e-04</internalNodes>
      <leafValues>
        -1.3657146692276001e-01 1.5692655742168427e-01</leafValues></_>
    <_>
      <internalNodes>
        0 -1 93816 -5.0470037385821342e-03</internalNodes>
      <leafValues>
        1.9071881473064423e-01 -1.1561481654644012e-01</leafValues></_>
    <_>
      <internalNodes>
        0 -1 38067 -1.3409971143119037e-04</internalNodes>
      <leafValues>
        -1.8622288107872009e-01 1.1872287094593048e-01</leafValues></_>
    <_>
      <internalNodes>
        0 -1 161417 2.8751846912200563e-05</internalNodes>
      <leafValues>
        -2.0455510914325714e-01 1.0106054693460464e-01</leafValues></_>
    <_>
      <internalNodes>
        0 -1 161838 -1.0529197752475739e-03</internalNodes>
      <leafValues>
        3.3936312794685364e-01 -7.5679898262023926e-02</leafValues></_>
    <_>
      <internalNodes>
        0 -1 161838 8.1004312960430980e-04</internalNodes>
      <leafValues>
        -8.3257392048835754e-02 2.7717646956443787e-01</leafValues></_>
    <_>
      <internalNodes>
        0 -1 138769 2.6951631298288703e-04</internalNodes>
      <leafValues>
        8.6752116680145264e-02 -2.5204950571060181e-01</leafValues></_>
    <_>
      <internalNodes>
        0 -1 148197 -5.0905086100101471e-03</internalNodes>
      <leafValues>
        4.0257924795150757e-01 -5.3502552211284637e-02</leafValues></_>
    <_>
      <internalNodes>
        0 -1 161382 2.1768442820757627e-03</internalNodes>
      <leafValues>
        3.8931023329496384e-02 -5.0549787282943726e-01</leafValues></_>
    <_>
      <internalNodes>
        0 -1 25632 -1.1808896437287331e-02</internalNodes>
      <leafValues>
        4.1831129789352417e-01 -4.8074401915073395e-02</leafValues></_>
    <_>
      <internalNodes>
        0 -1 58150 -1.7870492301881313e-03</internalNodes>
      <leafValues>
        -2.8092154860496521e-01 7.3267005383968353e-02</leafValues></_>
    <_>
      <internalNodes>
        0 -1 161187 -5.7970464695245028e-04</internalNodes>
      <leafValues>
        3.2506129145622253e-01 -6.0771167278289795e-02</leafValues></_>
    <_>
      <internalNodes>
        0 -1 79698 3.8730859756469727e-02</internalNodes>
      <leafValues>
        -2.4428768083453178e-02 7.1647953987121582e-01</leafValues></_>
    <_>
      <internalNodes>
        0 -1 147704 3.3091416116803885e-04</internalNodes>
      <leafValues>
        9.7478322684764862e-02 -2.1148502826690674e-01</leafValues></_>
    <_>
      <internalNodes>
        0 -1 2568 -3.9440602064132690e-02</internalNodes>
      <leafValues>
        7.6241177320480347e-01 -2.4801561608910561e-02</leafValues></_>
    <_>
      <internalNodes>
        0 -1 160619 -4.8499234253540635e-04</internalNodes>
      <leafValues>
        2.8318554162979126e-01 -6.3339896500110626e-02</leafValues></_>
    <_>
      <internalNodes>
        0 -1 110575 -7.4808716773986816e-02</internalNodes>
      <leafValues>
        -6.3603603839874268e-01 3.0690141022205353e-02</leafValues></_>
    <_>
      <internalNodes>
        0 -1 81520 -2.6213589590042830e-03</internalNodes>
      <leafValues>
        -6.5497612953186035e-01 2.5017887353897095e-02</leafValues></_>
    <_>
      <internalNodes>
        0 -1 111362 -8.4271049126982689e-03</internalNodes>
      <leafValues>
        2.7749097347259521e-01 -6.9763019680976868e-02</leafValues></_>
    <_>
      <internalNodes>
        0 -1 127849 2.6462701498530805e-04</internalNodes>
      <leafValues>
        7.5560882687568665e-02 -2.3138833045959473e-01</leafValues></_>
    <_>
      <internalNodes>
        0 -1 159689 -1.3788144569844007e-03</internalNodes>
      <leafValues>
        1.9421352446079254e-01 -8.6892612278461456e-02</leafValues></_>
    <_>
      <internalNodes>
        0 -1 159689 2.0591830834746361e-03</internalNodes>
      <leafValues>
        -9.0692549943923950e-02 2.3145024478435516e-01</leafValues></_></weakClassifiers></stage12>
</opencv_storage>
