<?xml version="1.0"?>
<opencv_storage>
<stage0>
  <maxWeakCount>4</maxWeakCount>
  <stageThreshold>-1.2456110715866089e+00</stageThreshold>
  <weakClassifiers>
    <_>
      <internalNodes>
        0 -1 161318 -6.5023207571357489e-04</internalNodes>
      <leafValues>
        -6.9350433349609375e-01 8.3727598190307617e-01</leafValues></_>
    <_>
      <internalNodes>
        0 -1 1345 -3.3072624355554581e-03</internalNodes>
      <leafValues>
        -6.2995684146881104e-01 6.0968279838562012e-01</leafValues></_>
    <_>
      <internalNodes>
        0 -1 160606 -7.6631712727248669e-04</internalNodes>
      <leafValues>
        -4.8021546006202698e-01 6.5211570262908936e-01</leafValues></_>
    <_>
      <internalNodes>
        0 -1 265 -1.5038559213280678e-03</internalNodes>
      <leafValues>
        5.5806553363800049e-01 -4.0774425864219666e-01</leafValues></_></weakClassifiers></stage0>
</opencv_storage>
