<?xml version="1.0"?>
<opencv_storage>
<stage16>
  <maxWeakCount>88</maxWeakCount>
  <stageThreshold>-1.1944242715835571e+00</stageThreshold>
  <weakClassifiers>
    <_>
      <internalNodes>
        0 -1 80805 -4.4347353279590607e-02</internalNodes>
      <leafValues>
        7.8227847814559937e-01 -1.7785234749317169e-01</leafValues></_>
    <_>
      <internalNodes>
        0 -1 144863 1.6470808768644929e-03</internalNodes>
      <leafValues>
        -1.3892333209514618e-01 2.9878327250480652e-01</leafValues></_>
    <_>
      <internalNodes>
        0 -1 82758 1.1785041540861130e-02</internalNodes>
      <leafValues>
        -1.3538195192813873e-01 2.4275854229927063e-01</leafValues></_>
    <_>
      <internalNodes>
        0 -1 28 5.3337833378463984e-04</internalNodes>
      <leafValues>
        -2.2772975265979767e-01 1.3674591481685638e-01</leafValues></_>
    <_>
      <internalNodes>
        0 -1 28 4.6176230534911156e-03</internalNodes>
      <leafValues>
        1.7325113713741302e-01 -1.9549846649169922e-01</leafValues></_>
    <_>
      <internalNodes>
        0 -1 125036 -8.7052695453166962e-03</internalNodes>
      <leafValues>
        2.7063035964965820e-01 -1.1335629969835281e-01</leafValues></_>
    <_>
      <internalNodes>
        0 -1 118 2.0521872211247683e-03</internalNodes>
      <leafValues>
        -2.5890785455703735e-01 9.3588277697563171e-02</leafValues></_>
    <_>
      <internalNodes>
        0 -1 44315 6.2042735517024994e-03</internalNodes>
      <leafValues>
        -6.1908196657896042e-02 2.9633316397666931e-01</leafValues></_>
    <_>
      <internalNodes>
        0 -1 12687 -2.0017845928668976e-01</internalNodes>
      <leafValues>
        3.7148275971412659e-01 -8.1410862505435944e-02</leafValues></_>
    <_>
      <internalNodes>
        0 -1 10768 7.6030269265174866e-02</internalNodes>
      <leafValues>
        -7.4834167957305908e-02 3.2615512609481812e-01</leafValues></_>
    <_>
      <internalNodes>
        0 -1 148502 -1.5259528160095215e-01</internalNodes>
      <leafValues>
        7.1567225456237793e-01 -3.5470578819513321e-02</leafValues></_>
    <_>
      <internalNodes>
        0 -1 32247 -8.2412902265787125e-03</internalNodes>
      <leafValues>
        3.8053232431411743e-01 -6.1224751174449921e-02</leafValues></_>
    <_>
      <internalNodes>
        0 -1 23683 -6.8395724520087242e-03</internalNodes>
      <leafValues>
        1.8511554598808289e-01 -1.1140783876180649e-01</leafValues></_>
    <_>
      <internalNodes>
        0 -1 58886 -9.2590344138443470e-04</internalNodes>
      <leafValues>
        -2.7509960532188416e-01 1.0207202285528183e-01</leafValues></_>
    <_>
      <internalNodes>
        0 -1 24526 2.2984733805060387e-02</internalNodes>
      <leafValues>
        -1.0174661129713058e-01 2.7845069766044617e-01</leafValues></_>
    <_>
      <internalNodes>
        0 -1 59207 1.5548273222520947e-04</internalNodes>
      <leafValues>
        1.1318904906511307e-01 -2.0262609422206879e-01</leafValues></_>
    <_>
      <internalNodes>
        0 -1 808 1.2402203865349293e-02</internalNodes>
      <leafValues>
        6.7020580172538757e-02 -2.6630118489265442e-01</leafValues></_>
    <_>
      <internalNodes>
        0 -1 130444 -3.9792831987142563e-02</internalNodes>
      <leafValues>
        -5.6999433040618896e-01 4.1702333837747574e-02</leafValues></_>
    <_>
      <internalNodes>
        0 -1 52818 2.4077140551526099e-05</internalNodes>
      <leafValues>
        -1.3526333868503571e-01 1.3000069558620453e-01</leafValues></_>
    <_>
      <internalNodes>
        0 -1 131064 2.2711049765348434e-02</internalNodes>
      <leafValues>
        -1.1778376251459122e-01 1.5618689358234406e-01</leafValues></_>
    <_>
      <internalNodes>
        0 -1 81252 -4.7130446881055832e-02</internalNodes>
      <leafValues>
        1.7198309302330017e-01 -1.1826561391353607e-01</leafValues></_>
    <_>
      <internalNodes>
        0 -1 61061 4.9388341605663300e-02</internalNodes>
      <leafValues>
        -1.2921580672264099e-01 1.6380763053894043e-01</leafValues></_>
    <_>
      <internalNodes>
        0 -1 146099 5.8925794437527657e-03</internalNodes>
      <leafValues>
        -5.7527590543031693e-02 3.4797573089599609e-01</leafValues></_>
    <_>
      <internalNodes>
        0 -1 99266 -3.3338300883769989e-02</internalNodes>
      <leafValues>
        3.5741129517555237e-01 -5.2948180586099625e-02</leafValues></_>
    <_>
      <internalNodes>
        0 -1 148871 -2.4481100263074040e-04</internalNodes>
      <leafValues>
        -2.5871828198432922e-01 8.8546328246593475e-02</leafValues></_>
    <_>
      <internalNodes>
        0 -1 157519 -5.2758986130356789e-03</internalNodes>
      <leafValues>
        3.5132080316543579e-01 -4.7737233340740204e-02</leafValues></_>
    <_>
      <internalNodes>
        0 -1 152110 -1.8965207040309906e-02</internalNodes>
      <leafValues>
        2.3651781678199768e-01 -7.7676668763160706e-02</leafValues></_>
    <_>
      <internalNodes>
        0 -1 149127 -3.2758437097072601e-02</internalNodes>
      <leafValues>
        -3.8640776276588440e-01 4.1804328560829163e-02</leafValues></_>
    <_>
      <internalNodes>
        0 -1 141595 -7.3719718493521214e-03</internalNodes>
      <leafValues>
        3.4235128760337830e-01 -5.2232854068279266e-02</leafValues></_>
    <_>
      <internalNodes>
        0 -1 113760 4.6339537948369980e-04</internalNodes>
      <leafValues>
        5.4216623306274414e-02 -3.2974907755851746e-01</leafValues></_>
    <_>
      <internalNodes>
        0 -1 118991 -8.7343429913744330e-04</internalNodes>
      <leafValues>
        1.4704872667789459e-01 -1.2268227338790894e-01</leafValues></_>
    <_>
      <internalNodes>
        0 -1 13366 -3.6083599552512169e-03</internalNodes>
      <leafValues>
        1.8843711912631989e-01 -1.1667690426111221e-01</leafValues></_>
    <_>
      <internalNodes>
        0 -1 161187 -7.5835920870304108e-04</internalNodes>
      <leafValues>
        3.4852355718612671e-01 -5.0491381436586380e-02</leafValues></_>
    <_>
      <internalNodes>
        0 -1 144726 3.1428448855876923e-03</internalNodes>
      <leafValues>
        2.5973530486226082e-02 -6.8408942222595215e-01</leafValues></_>
    <_>
      <internalNodes>
        0 -1 162124 3.9836327778175473e-04</internalNodes>
      <leafValues>
        1.0865605622529984e-01 -1.5030142664909363e-01</leafValues></_>
    <_>
      <internalNodes>
        0 -1 38001 3.6248634569346905e-04</internalNodes>
      <leafValues>
        -2.0241540670394897e-01 1.1094842851161957e-01</leafValues></_>
    <_>
      <internalNodes>
        0 -1 14219 9.6996203064918518e-03</internalNodes>
      <leafValues>
        -8.6650848388671875e-02 2.0238973200321198e-01</leafValues></_>
    <_>
      <internalNodes>
        0 -1 49486 -1.9849605450872332e-05</internalNodes>
      <leafValues>
        1.4451579749584198e-01 -1.3701279461383820e-01</leafValues></_>
    <_>
      <internalNodes>
        0 -1 61284 -1.3517685874830931e-04</internalNodes>
      <leafValues>
        -2.5155690312385559e-01 6.7367784678936005e-02</leafValues></_>
    <_>
      <internalNodes>
        0 -1 25973 -9.0631097555160522e-03</internalNodes>
      <leafValues>
        4.1110065579414368e-01 -4.4475689530372620e-02</leafValues></_>
    <_>
      <internalNodes>
        0 -1 1105 1.5949194785207510e-03</internalNodes>
      <leafValues>
        3.4114148467779160e-02 -6.2709903717041016e-01</leafValues></_>
    <_>
      <internalNodes>
        0 -1 13099 -3.5123932175338268e-03</internalNodes>
      <leafValues>
        1.6802981495857239e-01 -9.8993219435214996e-02</leafValues></_>
    <_>
      <internalNodes>
        0 -1 13268 1.1343151330947876e-02</internalNodes>
      <leafValues>
        3.1639486551284790e-02 -6.0236692428588867e-01</leafValues></_>
    <_>
      <internalNodes>
        0 -1 162126 -9.6095231128856540e-05</internalNodes>
      <leafValues>
        -1.8741434812545776e-01 7.9483151435852051e-02</leafValues></_>
    <_>
      <internalNodes>
        0 -1 151906 3.9395168423652649e-03</internalNodes>
      <leafValues>
        3.1072905287146568e-02 -5.4478317499160767e-01</leafValues></_>
    <_>
      <internalNodes>
        0 -1 161564 -5.2173351868987083e-03</internalNodes>
      <leafValues>
        2.2308611869812012e-01 -7.6840020716190338e-02</leafValues></_>
    <_>
      <internalNodes>
        0 -1 161931 1.6062268987298012e-03</internalNodes>
      <leafValues>
        -1.2035886943340302e-01 1.7368394136428833e-01</leafValues></_>
    <_>
      <internalNodes>
        0 -1 154707 5.6902943179011345e-03</internalNodes>
      <leafValues>
        -9.4805307686328888e-02 2.1140888333320618e-01</leafValues></_>
    <_>
      <internalNodes>
        0 -1 154786 -1.2345913273748010e-04</internalNodes>
      <leafValues>
        1.3903291523456573e-01 -1.1824978142976761e-01</leafValues></_>
    <_>
      <internalNodes>
        0 -1 50499 5.3965870290994644e-02</internalNodes>
      <leafValues>
        -6.2735088169574738e-02 2.9222956299781799e-01</leafValues></_>
    <_>
      <internalNodes>
        0 -1 105879 -9.7401645034551620e-03</internalNodes>
      <leafValues>
        1.6610084474086761e-01 -1.0566974431276321e-01</leafValues></_>
    <_>
      <internalNodes>
        0 -1 157766 -1.1000240221619606e-02</internalNodes>
      <leafValues>
        2.3026041686534882e-01 -7.1136586368083954e-02</leafValues></_>
    <_>
      <internalNodes>
        0 -1 86885 -2.9952542856335640e-02</internalNodes>
      <leafValues>
        -5.0282394886016846e-01 2.6922723278403282e-02</leafValues></_>
    <_>
      <internalNodes>
        0 -1 128549 -8.3147585391998291e-03</internalNodes>
      <leafValues>
        -7.1535921096801758e-01 1.9146565347909927e-02</leafValues></_>
    <_>
      <internalNodes>
        0 -1 109674 -8.0513930879533291e-04</internalNodes>
      <leafValues>
        1.5311418473720551e-01 -9.6612364053726196e-02</leafValues></_>
    <_>
      <internalNodes>
        0 -1 155634 -5.6391814723610878e-04</internalNodes>
      <leafValues>
        1.3497483730316162e-01 -1.1210725456476212e-01</leafValues></_>
    <_>
      <internalNodes>
        0 -1 276 -1.1883987486362457e-01</internalNodes>
      <leafValues>
        6.2844347953796387e-01 -2.7277236804366112e-02</leafValues></_>
    <_>
      <internalNodes>
        0 -1 37465 -2.9711527749896049e-03</internalNodes>
      <leafValues>
        4.5081987977027893e-01 -3.2009646296501160e-02</leafValues></_>
    <_>
      <internalNodes>
        0 -1 24933 -1.0791959241032600e-02</internalNodes>
      <leafValues>
        -6.8801772594451904e-01 2.5689562782645226e-02</leafValues></_>
    <_>
      <internalNodes>
        0 -1 46060 8.9062340557575226e-03</internalNodes>
      <leafValues>
        -8.2421019673347473e-02 1.9628450274467468e-01</leafValues></_>
    <_>
      <internalNodes>
        0 -1 104362 -1.0995637625455856e-02</internalNodes>
      <leafValues>
        3.2180064916610718e-01 -5.6048646569252014e-02</leafValues></_>
    <_>
      <internalNodes>
        0 -1 79890 2.2959137277211994e-04</internalNodes>
      <leafValues>
        6.0201190412044525e-02 -2.8166767954826355e-01</leafValues></_>
    <_>
      <internalNodes>
        0 -1 54625 -6.0650877654552460e-02</internalNodes>
      <leafValues>
        -5.5679953098297119e-01 2.3375343531370163e-02</leafValues></_>
    <_>
      <internalNodes>
        0 -1 91433 1.3280604034662247e-02</internalNodes>
      <leafValues>
        -9.3275122344493866e-02 1.6660143435001373e-01</leafValues></_>
    <_>
      <internalNodes>
        0 -1 107577 -4.2026387527585030e-03</internalNodes>
      <leafValues>
        1.4509563148021698e-01 -1.0565211623907089e-01</leafValues></_>
    <_>
      <internalNodes>
        0 -1 101812 2.2218675439944491e-05</internalNodes>
      <leafValues>
        -1.2335426360368729e-01 1.1472772061824799e-01</leafValues></_>
    <_>
      <internalNodes>
        0 -1 55541 2.2805645130574703e-05</internalNodes>
      <leafValues>
        -1.4462640881538391e-01 1.0883646458387375e-01</leafValues></_>
    <_>
      <internalNodes>
        0 -1 83636 -3.5250289365649223e-03</internalNodes>
      <leafValues>
        1.6103222966194153e-01 -9.5471955835819244e-02</leafValues></_>
    <_>
      <internalNodes>
        0 -1 41713 3.2606396824121475e-02</internalNodes>
      <leafValues>
        -6.9667108356952667e-02 2.2657234966754913e-01</leafValues></_>
    <_>
      <internalNodes>
        0 -1 114452 -5.9713320806622505e-03</internalNodes>
      <leafValues>
        -5.5471605062484741e-01 3.2895646989345551e-02</leafValues></_>
    <_>
      <internalNodes>
        0 -1 160879 -1.4182867016643286e-04</internalNodes>
      <leafValues>
        -1.7705373466014862e-01 8.3962731063365936e-02</leafValues></_>
    <_>
      <internalNodes>
        0 -1 162255 1.1754523962736130e-02</internalNodes>
      <leafValues>
        3.9370398968458176e-02 -4.4049459695816040e-01</leafValues></_>
    <_>
      <internalNodes>
        0 -1 106275 7.5710551755037159e-05</internalNodes>
      <leafValues>
        7.1997553110122681e-02 -1.9235290586948395e-01</leafValues></_>
    <_>
      <internalNodes>
        0 -1 19624 -7.3012080974876881e-05</internalNodes>
      <leafValues>
        -1.3956356048583984e-01 1.0392501205205917e-01</leafValues></_>
    <_>
      <internalNodes>
        0 -1 33818 -2.4082162781269290e-05</internalNodes>
      <leafValues>
        1.0525567084550858e-01 -1.4871266484260559e-01</leafValues></_>
    <_>
      <internalNodes>
        0 -1 20643 -3.1368069350719452e-02</internalNodes>
      <leafValues>
        -2.2955973446369171e-01 7.4078999459743500e-02</leafValues></_>
    <_>
      <internalNodes>
        0 -1 93670 2.1925859982729889e-05</internalNodes>
      <leafValues>
        -1.3668234646320343e-01 1.2588529288768768e-01</leafValues></_>
    <_>
      <internalNodes>
        0 -1 50873 -1.9975458085536957e-01</internalNodes>
      <leafValues>
        5.0034266710281372e-01 -3.0022116377949715e-02</leafValues></_>
    <_>
      <internalNodes>
        0 -1 22436 2.3151920177042484e-03</internalNodes>
      <leafValues>
        -8.7021753191947937e-02 1.8755212426185608e-01</leafValues></_>
    <_>
      <internalNodes>
        0 -1 12581 1.0341886430978775e-02</internalNodes>
      <leafValues>
        -5.8877043426036835e-02 2.6728156208992004e-01</leafValues></_>
    <_>
      <internalNodes>
        0 -1 25038 -4.1642608121037483e-03</internalNodes>
      <leafValues>
        2.4444089829921722e-01 -8.2318089902400970e-02</leafValues></_>
    <_>
      <internalNodes>
        0 -1 13055 5.6816865690052509e-03</internalNodes>
      <leafValues>
        3.1941723078489304e-02 -4.8084414005279541e-01</leafValues></_>
    <_>
      <internalNodes>
        0 -1 114434 1.0777652496472001e-03</internalNodes>
      <leafValues>
        5.2793517708778381e-02 -2.8162914514541626e-01</leafValues></_>
    <_>
      <internalNodes>
        0 -1 148157 -9.6764147747308016e-04</internalNodes>
      <leafValues>
        1.7281636595726013e-01 -8.4369935095310211e-02</leafValues></_>
    <_>
      <internalNodes>
        0 -1 157235 4.5865476131439209e-03</internalNodes>
      <leafValues>
        -8.7803430855274200e-02 1.6769511997699738e-01</leafValues></_>
    <_>
      <internalNodes>
        0 -1 148595 -3.2132595777511597e-01</internalNodes>
      <leafValues>
        6.4828604459762573e-01 -2.8478341177105904e-02</leafValues></_>
    <_>
      <internalNodes>
        0 -1 144116 7.7403173781931400e-04</internalNodes>
      <leafValues>
        5.3313642740249634e-02 -3.0726218223571777e-01</leafValues></_>
    <_>
      <internalNodes>
        0 -1 19263 -5.6692529469728470e-03</internalNodes>
      <leafValues>
        2.5485259294509888e-01 -6.3193611800670624e-02</leafValues></_></weakClassifiers></stage16>
</opencv_storage>
