<?xml version="1.0"?>
<opencv_storage>
<stage3>
  <maxWeakCount>28</maxWeakCount>
  <stageThreshold>-1.4070230722427368e+00</stageThreshold>
  <weakClassifiers>
    <_>
      <internalNodes>
        0 -1 155609 -1.0564880540187005e-05</internalNodes>
      <leafValues>
        2.0252206921577454e-01 -4.9302065372467041e-01</leafValues></_>
    <_>
      <internalNodes>
        0 -1 12606 -3.2051853835582733e-02</internalNodes>
      <leafValues>
        5.1521593332290649e-01 -1.6651669144630432e-01</leafValues></_>
    <_>
      <internalNodes>
        0 -1 20858 -1.2336003594100475e-02</internalNodes>
      <leafValues>
        5.9698784351348877e-01 -1.2813697755336761e-01</leafValues></_>
    <_>
      <internalNodes>
        0 -1 16324 1.3361260294914246e-02</internalNodes>
      <leafValues>
        -1.6219763457775116e-01 4.1509330272674561e-01</leafValues></_>
    <_>
      <internalNodes>
        0 -1 161264 7.8987926826812327e-05</internalNodes>
      <leafValues>
        1.9775998592376709e-01 -3.2646679878234863e-01</leafValues></_>
    <_>
      <internalNodes>
        0 -1 131514 -2.4639055132865906e-01</internalNodes>
      <leafValues>
        -7.1945744752883911e-01 1.0041534155607224e-01</leafValues></_>
    <_>
      <internalNodes>
        0 -1 105880 -7.5588338077068329e-03</internalNodes>
      <leafValues>
        2.0023727416992188e-01 -3.5183510184288025e-01</leafValues></_>
    <_>
      <internalNodes>
        0 -1 56093 -8.0533407628536224e-02</internalNodes>
      <leafValues>
        3.9509049057960510e-01 -1.4028184115886688e-01</leafValues></_>
    <_>
      <internalNodes>
        0 -1 25657 2.3585200309753418e-02</internalNodes>
      <leafValues>
        -1.3902592658996582e-01 5.0101059675216675e-01</leafValues></_>
    <_>
      <internalNodes>
        0 -1 32593 -1.2781905752490275e-05</internalNodes>
      <leafValues>
        2.2409068048000336e-01 -2.7217888832092285e-01</leafValues></_>
    <_>
      <internalNodes>
        0 -1 108916 1.3216996565461159e-02</internalNodes>
      <leafValues>
        -1.3009379804134369e-01 4.0018665790557861e-01</leafValues></_>
    <_>
      <internalNodes>
        0 -1 13 6.2988884747028351e-04</internalNodes>
      <leafValues>
        1.6618169844150543e-01 -3.3630576729774475e-01</leafValues></_>
    <_>
      <internalNodes>
        0 -1 54231 3.3608454465866089e-01</internalNodes>
      <leafValues>
        -1.1435827612876892e-01 5.3778684139251709e-01</leafValues></_>
    <_>
      <internalNodes>
        0 -1 128062 2.3021833039820194e-03</internalNodes>
      <leafValues>
        1.0261206328868866e-01 -6.1037373542785645e-01</leafValues></_>
    <_>
      <internalNodes>
        0 -1 133864 3.3918417990207672e-02</internalNodes>
      <leafValues>
        -1.3905687630176544e-01 4.5080676674842834e-01</leafValues></_>
    <_>
      <internalNodes>
        0 -1 146035 3.6192484200000763e-02</internalNodes>
      <leafValues>
        -5.9766471385955811e-02 5.6051009893417358e-01</leafValues></_>
    <_>
      <internalNodes>
        0 -1 102983 -4.6818284317851067e-03</internalNodes>
      <leafValues>
        4.7112694382667542e-01 -1.0592158138751984e-01</leafValues></_>
    <_>
      <internalNodes>
        0 -1 106807 6.0912710614502430e-04</internalNodes>
      <leafValues>
        1.0990042239427567e-01 -4.4422939419746399e-01</leafValues></_>
    <_>
      <internalNodes>
        0 -1 38547 -1.0531833395361900e-02</internalNodes>
      <leafValues>
        4.2135849595069885e-01 -1.3709393143653870e-01</leafValues></_>
    <_>
      <internalNodes>
        0 -1 139329 9.8284827545285225e-03</internalNodes>
      <leafValues>
        -1.2264531105756760e-01 4.6334531903266907e-01</leafValues></_>
    <_>
      <internalNodes>
        0 -1 88824 1.1113081127405167e-03</internalNodes>
      <leafValues>
        1.2009532749652863e-01 -4.2320448160171509e-01</leafValues></_>
    <_>
      <internalNodes>
        0 -1 114434 1.7109790351241827e-03</internalNodes>
      <leafValues>
        7.8537933528423309e-02 -4.8970487713813782e-01</leafValues></_>
    <_>
      <internalNodes>
        0 -1 65096 5.0804857164621353e-03</internalNodes>
      <leafValues>
        -1.4521408081054688e-01 3.3621364831924438e-01</leafValues></_>
    <_>
      <internalNodes>
        0 -1 158618 1.2868891470134258e-02</internalNodes>
      <leafValues>
        -1.0062186419963837e-01 4.1492211818695068e-01</leafValues></_>
    <_>
      <internalNodes>
        0 -1 159531 7.5810290873050690e-03</internalNodes>
      <leafValues>
        -1.0215718299150467e-01 4.4723284244537354e-01</leafValues></_>
    <_>
      <internalNodes>
        0 -1 4967 -6.0296469926834106e-01</internalNodes>
      <leafValues>
        -5.6212735176086426e-01 7.8342162072658539e-02</leafValues></_>
    <_>
      <internalNodes>
        0 -1 65576 -1.0523155331611633e-02</internalNodes>
      <leafValues>
        3.4804669022560120e-01 -1.4266629517078400e-01</leafValues></_>
    <_>
      <internalNodes>
        0 -1 54673 7.9537823796272278e-02</internalNodes>
      <leafValues>
        -9.1165155172348022e-02 4.9700567126274109e-01</leafValues></_></weakClassifiers></stage3>
</opencv_storage>
