<?xml version="1.0"?>
<opencv_storage>
<stage9>
  <maxWeakCount>53</maxWeakCount>
  <stageThreshold>-1.4131714105606079e+00</stageThreshold>
  <weakClassifiers>
    <_>
      <internalNodes>
        0 -1 12606 -3.0645653605461121e-02</internalNodes>
      <leafValues>
        3.0923247337341309e-01 -2.6421985030174255e-01</leafValues></_>
    <_>
      <internalNodes>
        0 -1 2305 -8.6365535855293274e-02</internalNodes>
      <leafValues>
        8.5562044382095337e-01 -6.7065082490444183e-02</leafValues></_>
    <_>
      <internalNodes>
        0 -1 36 -6.7353993654251099e-03</internalNodes>
      <leafValues>
        -5.6811350584030151e-01 9.5109045505523682e-02</leafValues></_>
    <_>
      <internalNodes>
        0 -1 18009 -2.3789477348327637e-01</internalNodes>
      <leafValues>
        4.1581630706787109e-01 -8.4715217351913452e-02</leafValues></_>
    <_>
      <internalNodes>
        0 -1 113765 3.8307317299768329e-04</internalNodes>
      <leafValues>
        1.6646580398082733e-01 -3.9822909235954285e-01</leafValues></_>
    <_>
      <internalNodes>
        0 -1 103150 -1.8786586821079254e-02</internalNodes>
      <leafValues>
        3.0068498849868774e-01 -1.8833526968955994e-01</leafValues></_>
    <_>
      <internalNodes>
        0 -1 161325 -2.7631187811493874e-02</internalNodes>
      <leafValues>
        -5.5362832546234131e-01 9.2129826545715332e-02</leafValues></_>
    <_>
      <internalNodes>
        0 -1 13393 -3.9960967842489481e-04</internalNodes>
      <leafValues>
        -3.9067125320434570e-01 8.2532010972499847e-02</leafValues></_>
    <_>
      <internalNodes>
        0 -1 55528 -6.2177120707929134e-03</internalNodes>
      <leafValues>
        2.9889354109764099e-01 -1.3769970834255219e-01</leafValues></_>
    <_>
      <internalNodes>
        0 -1 79631 5.8140244800597429e-04</internalNodes>
      <leafValues>
        9.8494224250316620e-02 -4.1081884503364563e-01</leafValues></_>
    <_>
      <internalNodes>
        0 -1 139450 1.4044061303138733e-02</internalNodes>
      <leafValues>
        -1.5133383870124817e-01 2.5085660815238953e-01</leafValues></_>
    <_>
      <internalNodes>
        0 -1 13083 2.0781779661774635e-02</internalNodes>
      <leafValues>
        -9.9010340869426727e-02 4.1634118556976318e-01</leafValues></_>
    <_>
      <internalNodes>
        0 -1 95544 -5.1991939544677734e-02</internalNodes>
      <leafValues>
        3.3541125059127808e-01 -1.2188386172056198e-01</leafValues></_>
    <_>
      <internalNodes>
        0 -1 80 -2.4380031391046941e-05</internalNodes>
      <leafValues>
        1.6163074970245361e-01 -2.3055802285671234e-01</leafValues></_>
    <_>
      <internalNodes>
        0 -1 97894 1.0993239702656865e-03</internalNodes>
      <leafValues>
        6.3530549407005310e-02 -5.0148183107376099e-01</leafValues></_>
    <_>
      <internalNodes>
        0 -1 44276 3.2733175903558731e-03</internalNodes>
      <leafValues>
        -1.3518348336219788e-01 2.2957922518253326e-01</leafValues></_>
    <_>
      <internalNodes>
        0 -1 76326 2.2014351998222992e-05</internalNodes>
      <leafValues>
        -1.9700792431831360e-01 1.5160992741584778e-01</leafValues></_>
    <_>
      <internalNodes>
        0 -1 109852 4.3563783168792725e-02</internalNodes>
      <leafValues>
        -6.1938002705574036e-02 4.6742048859596252e-01</leafValues></_>
    <_>
      <internalNodes>
        0 -1 49762 2.0035333931446075e-02</internalNodes>
      <leafValues>
        -1.2828892469406128e-01 2.4312588572502136e-01</leafValues></_>
    <_>
      <internalNodes>
        0 -1 80 -2.1018646657466888e-04</internalNodes>
      <leafValues>
        -2.1179313957691193e-01 1.6086420416831970e-01</leafValues></_>
    <_>
      <internalNodes>
        0 -1 32047 -1.3651641085743904e-02</internalNodes>
      <leafValues>
        2.3492155969142914e-01 -1.4965540170669556e-01</leafValues></_>
    <_>
      <internalNodes>
        0 -1 159627 -1.1958342045545578e-02</internalNodes>
      <leafValues>
        4.5731696486473083e-01 -6.1106506735086441e-02</leafValues></_>
    <_>
      <internalNodes>
        0 -1 159628 5.6957881897687912e-03</internalNodes>
      <leafValues>
        -1.3257451355457306e-01 3.0264285206794739e-01</leafValues></_>
    <_>
      <internalNodes>
        0 -1 114419 -1.1318777687847614e-03</internalNodes>
      <leafValues>
        -5.4701101779937744e-01 5.4866854101419449e-02</leafValues></_>
    <_>
      <internalNodes>
        0 -1 14873 -3.9802670478820801e-02</internalNodes>
      <leafValues>
        4.6025297045707703e-01 -6.7322872579097748e-02</leafValues></_>
    <_>
      <internalNodes>
        0 -1 70721 -4.0902639739215374e-04</internalNodes>
      <leafValues>
        -4.0457764267921448e-01 9.2671900987625122e-02</leafValues></_>
    <_>
      <internalNodes>
        0 -1 70721 -2.4180844775401056e-05</internalNodes>
      <leafValues>
        2.0001576840877533e-01 -1.6652861237525940e-01</leafValues></_>
    <_>
      <internalNodes>
        0 -1 4110 2.7502176817506552e-03</internalNodes>
      <leafValues>
        -1.1156892031431198e-01 3.4317603707313538e-01</leafValues></_>
    <_>
      <internalNodes>
        0 -1 7102 7.1031926199793816e-03</internalNodes>
      <leafValues>
        -7.1669138967990875e-02 3.8099914789199829e-01</leafValues></_>
    <_>
      <internalNodes>
        0 -1 31103 3.7179601192474365e-01</internalNodes>
      <leafValues>
        -1.0138492286205292e-01 3.4528553485870361e-01</leafValues></_>
    <_>
      <internalNodes>
        0 -1 79891 -2.2045128571335226e-04</internalNodes>
      <leafValues>
        -2.6528155803680420e-01 1.3572454452514648e-01</leafValues></_>
    <_>
      <internalNodes>
        0 -1 52230 1.2105297297239304e-02</internalNodes>
      <leafValues>
        -1.2542498111724854e-01 2.4787007272243500e-01</leafValues></_>
    <_>
      <internalNodes>
        0 -1 5847 -2.4489174393238500e-05</internalNodes>
      <leafValues>
        1.6339163482189178e-01 -1.7733509838581085e-01</leafValues></_>
    <_>
      <internalNodes>
        0 -1 38076 3.2702859607525170e-04</internalNodes>
      <leafValues>
        -1.9331179559230804e-01 1.5161360800266266e-01</leafValues></_>
    <_>
      <internalNodes>
        0 -1 138456 -1.7732218839228153e-04</internalNodes>
      <leafValues>
        -3.1042554974555969e-01 9.1671399772167206e-02</leafValues></_>
    <_>
      <internalNodes>
        0 -1 136845 -4.3994575389660895e-04</internalNodes>
      <leafValues>
        2.2508759796619415e-01 -1.1952990293502808e-01</leafValues></_>
    <_>
      <internalNodes>
        0 -1 143930 -8.0023463815450668e-03</internalNodes>
      <leafValues>
        4.2153134942054749e-01 -6.6115804016590118e-02</leafValues></_>
    <_>
      <internalNodes>
        0 -1 144041 8.3837646525353193e-04</internalNodes>
      <leafValues>
        6.6399820148944855e-02 -4.4113880395889282e-01</leafValues></_>
    <_>
      <internalNodes>
        0 -1 12267 5.9100352227687836e-03</internalNodes>
      <leafValues>
        -7.6224975287914276e-02 3.4093093872070313e-01</leafValues></_>
    <_>
      <internalNodes>
        0 -1 96787 -2.6868682471103966e-04</internalNodes>
      <leafValues>
        -2.6051920652389526e-01 9.8904840648174286e-02</leafValues></_>
    <_>
      <internalNodes>
        0 -1 136541 -9.9448370747268200e-04</internalNodes>
      <leafValues>
        2.7912199497222900e-01 -9.2939630150794983e-02</leafValues></_>
    <_>
      <internalNodes>
        0 -1 48185 1.7086562002077699e-04</internalNodes>
      <leafValues>
        1.0182773321866989e-01 -2.7093264460563660e-01</leafValues></_>
    <_>
      <internalNodes>
        0 -1 86439 -1.8261846154928207e-02</internalNodes>
      <leafValues>
        2.6780685782432556e-01 -1.1727004498243332e-01</leafValues></_>
    <_>
      <internalNodes>
        0 -1 44226 -1.0132262483239174e-02</internalNodes>
      <leafValues>
        2.2784605622291565e-01 -1.2842547893524170e-01</leafValues></_>
    <_>
      <internalNodes>
        0 -1 114424 2.0156318787485361e-03</internalNodes>
      <leafValues>
        4.4844049960374832e-02 -6.0041010379791260e-01</leafValues></_>
    <_>
      <internalNodes>
        0 -1 127797 5.0703372107818723e-04</internalNodes>
      <leafValues>
        9.5403082668781281e-02 -2.8131386637687683e-01</leafValues></_>
    <_>
      <internalNodes>
        0 -1 146504 1.8308029975742102e-03</internalNodes>
      <leafValues>
        -9.9779628217220306e-02 2.9152348637580872e-01</leafValues></_>
    <_>
      <internalNodes>
        0 -1 138462 -2.4660283088451251e-05</internalNodes>
      <leafValues>
        1.3787434995174408e-01 -2.1212546527385712e-01</leafValues></_>
    <_>
      <internalNodes>
        0 -1 2651 -9.3152940273284912e-02</internalNodes>
      <leafValues>
        5.7080537080764771e-01 -5.0141867250204086e-02</leafValues></_>
    <_>
      <internalNodes>
        0 -1 155166 -3.2845376990735531e-03</internalNodes>
      <leafValues>
        2.7597680687904358e-01 -9.5438092947006226e-02</leafValues></_>
    <_>
      <internalNodes>
        0 -1 151812 5.8240676298737526e-03</internalNodes>
      <leafValues>
        -7.7389121055603027e-02 3.6002177000045776e-01</leafValues></_>
    <_>
      <internalNodes>
        0 -1 133517 -7.8403908992186189e-04</internalNodes>
      <leafValues>
        -3.4558433294296265e-01 8.0715373158454895e-02</leafValues></_>
    <_>
      <internalNodes>
        0 -1 119555 -2.1501088049262762e-03</internalNodes>
      <leafValues>
        2.8193154931068420e-01 -1.0533152520656586e-01</leafValues></_></weakClassifiers></stage9>
</opencv_storage>
