<?xml version="1.0"?>
<opencv_storage>
<stage4>
  <maxWeakCount>34</maxWeakCount>
  <stageThreshold>-1.5019620656967163e+00</stageThreshold>
  <weakClassifiers>
    <_>
      <internalNodes>
        0 -1 22735 -1.0042938811238855e-04</internalNodes>
      <leafValues>
        1.2363330274820328e-01 -5.5571478605270386e-01</leafValues></_>
    <_>
      <internalNodes>
        0 -1 69787 5.3379815071821213e-03</internalNodes>
      <leafValues>
        1.1397944390773773e-01 -5.9687030315399170e-01</leafValues></_>
    <_>
      <internalNodes>
        0 -1 26307 1.0315398871898651e-01</internalNodes>
      <leafValues>
        -1.1659509688615799e-01 7.6722168922424316e-01</leafValues></_>
    <_>
      <internalNodes>
        0 -1 139491 9.6629187464714050e-03</internalNodes>
      <leafValues>
        -1.3941329717636108e-01 4.6728932857513428e-01</leafValues></_>
    <_>
      <internalNodes>
        0 -1 11916 -1.1069602333009243e-02</internalNodes>
      <leafValues>
        6.3281607627868652e-01 -1.0632820427417755e-01</leafValues></_>
    <_>
      <internalNodes>
        0 -1 66488 3.5530850291252136e-02</internalNodes>
      <leafValues>
        -1.1926792562007904e-01 5.4338324069976807e-01</leafValues></_>
    <_>
      <internalNodes>
        0 -1 66652 -8.0348975956439972e-02</internalNodes>
      <leafValues>
        3.3864349126815796e-01 -1.8039603531360626e-01</leafValues></_>
    <_>
      <internalNodes>
        0 -1 162119 -1.5894569456577301e-02</internalNodes>
      <leafValues>
        -3.5942146182060242e-01 1.9099263846874237e-01</leafValues></_>
    <_>
      <internalNodes>
        0 -1 135184 3.1730351038277149e-03</internalNodes>
      <leafValues>
        -2.1439759433269501e-01 2.7540513873100281e-01</leafValues></_>
    <_>
      <internalNodes>
        0 -1 151653 -9.5476470887660980e-03</internalNodes>
      <leafValues>
        2.8742888569831848e-01 -1.9999371469020844e-01</leafValues></_>
    <_>
      <internalNodes>
        0 -1 11479 7.6617933809757233e-02</internalNodes>
      <leafValues>
        6.5734133124351501e-02 -8.8528478145599365e-01</leafValues></_>
    <_>
      <internalNodes>
        0 -1 13399 1.5124722267501056e-04</internalNodes>
      <leafValues>
        1.1997762322425842e-01 -3.7202775478363037e-01</leafValues></_>
    <_>
      <internalNodes>
        0 -1 53395 4.1974437236785889e-01</internalNodes>
      <leafValues>
        5.0208654254674911e-02 -7.3784440755844116e-01</leafValues></_>
    <_>
      <internalNodes>
        0 -1 126875 -6.7007762845605612e-04</internalNodes>
      <leafValues>
        -3.9679902791976929e-01 1.2646037340164185e-01</leafValues></_>
    <_>
      <internalNodes>
        0 -1 32437 9.9568106234073639e-03</internalNodes>
      <leafValues>
        -9.9554069340229034e-02 4.9580731987953186e-01</leafValues></_>
    <_>
      <internalNodes>
        0 -1 13399 -1.8736798665486276e-04</internalNodes>
      <leafValues>
        -2.7038213610649109e-01 1.7468145489692688e-01</leafValues></_>
    <_>
      <internalNodes>
        0 -1 56137 1.2302932191232685e-05</internalNodes>
      <leafValues>
        -2.4927020072937012e-01 1.9087459146976471e-01</leafValues></_>
    <_>
      <internalNodes>
        0 -1 94141 3.4786579199135303e-03</internalNodes>
      <leafValues>
        -1.4013141393661499e-01 3.1992340087890625e-01</leafValues></_>
    <_>
      <internalNodes>
        0 -1 121346 2.9694684781134129e-04</internalNodes>
      <leafValues>
        1.0848750919103622e-01 -4.2077890038490295e-01</leafValues></_>
    <_>
      <internalNodes>
        0 -1 13651 -1.4797184616327286e-02</internalNodes>
      <leafValues>
        3.8922503590583801e-01 -1.2104345113039017e-01</leafValues></_>
    <_>
      <internalNodes>
        0 -1 157763 -4.2185550555586815e-03</internalNodes>
      <leafValues>
        2.4528788030147552e-01 -1.7603200674057007e-01</leafValues></_>
    <_>
      <internalNodes>
        0 -1 133406 8.7672658264636993e-04</internalNodes>
      <leafValues>
        1.1445011943578720e-01 -3.7895646691322327e-01</leafValues></_>
    <_>
      <internalNodes>
        0 -1 152321 6.1789024621248245e-03</internalNodes>
      <leafValues>
        -1.3049824535846710e-01 3.2591232657432556e-01</leafValues></_>
    <_>
      <internalNodes>
        0 -1 9536 2.5066896341741085e-03</internalNodes>
      <leafValues>
        1.3769502937793732e-01 -3.1510341167449951e-01</leafValues></_>
    <_>
      <internalNodes>
        0 -1 128295 1.6548132523894310e-02</internalNodes>
      <leafValues>
        -1.0412813723087311e-01 4.1591438651084900e-01</leafValues></_>
    <_>
      <internalNodes>
        0 -1 133597 -5.5152585264295340e-04</internalNodes>
      <leafValues>
        -3.6518818140029907e-01 1.2510401010513306e-01</leafValues></_>
    <_>
      <internalNodes>
        0 -1 53103 -8.9269444346427917e-02</internalNodes>
      <leafValues>
        7.4151384830474854e-01 -5.6057736277580261e-02</leafValues></_>
    <_>
      <internalNodes>
        0 -1 108011 1.0794904483191203e-05</internalNodes>
      <leafValues>
        -2.1259556710720062e-01 2.1434925496578217e-01</leafValues></_>
    <_>
      <internalNodes>
        0 -1 157235 5.0323302857577801e-03</internalNodes>
      <leafValues>
        -1.2987689673900604e-01 3.2186588644981384e-01</leafValues></_>
    <_>
      <internalNodes>
        0 -1 81 2.4219440820161253e-04</internalNodes>
      <leafValues>
        1.2127351760864258e-01 -3.3361303806304932e-01</leafValues></_>
    <_>
      <internalNodes>
        0 -1 81952 6.4119651913642883e-02</internalNodes>
      <leafValues>
        -8.4009192883968353e-02 4.9009287357330322e-01</leafValues></_>
    <_>
      <internalNodes>
        0 -1 88236 4.9336429219692945e-04</internalNodes>
      <leafValues>
        1.0697573423385620e-01 -3.8050740957260132e-01</leafValues></_>
    <_>
      <internalNodes>
        0 -1 68551 3.4279469400644302e-04</internalNodes>
      <leafValues>
        1.1304777860641479e-01 -3.2868352532386780e-01</leafValues></_>
    <_>
      <internalNodes>
        0 -1 12581 -1.1670329608023167e-02</internalNodes>
      <leafValues>
        4.6634384989738464e-01 -8.9194178581237793e-02</leafValues></_></weakClassifiers></stage4>
</opencv_storage>
