<?xml version="1.0"?>
<opencv_storage>
<stage10>
  <maxWeakCount>57</maxWeakCount>
  <stageThreshold>-1.2797286510467529e+00</stageThreshold>
  <weakClassifiers>
    <_>
      <internalNodes>
        0 -1 2597 -2.1005323529243469e-01</internalNodes>
      <leafValues>
        8.7848103046417236e-01 -1.8316555023193359e-01</leafValues></_>
    <_>
      <internalNodes>
        0 -1 121504 7.6099713332951069e-03</internalNodes>
      <leafValues>
        -9.0588741004467010e-02 6.2400960922241211e-01</leafValues></_>
    <_>
      <internalNodes>
        0 -1 38848 1.0800906457006931e-02</internalNodes>
      <leafValues>
        -7.9642780125141144e-02 4.6994572877883911e-01</leafValues></_>
    <_>
      <internalNodes>
        0 -1 11598 -3.2498151063919067e-02</internalNodes>
      <leafValues>
        2.9082769155502319e-01 -1.4180369675159454e-01</leafValues></_>
    <_>
      <internalNodes>
        0 -1 13395 -2.4219463739427738e-05</internalNodes>
      <leafValues>
        1.6115659475326538e-01 -2.3146001994609833e-01</leafValues></_>
    <_>
      <internalNodes>
        0 -1 162189 -1.4957913663238287e-04</internalNodes>
      <leafValues>
        -3.0044484138488770e-01 1.4128036797046661e-01</leafValues></_>
    <_>
      <internalNodes>
        0 -1 13395 -2.2143663954921067e-04</internalNodes>
      <leafValues>
        -2.8068554401397705e-01 1.3731519877910614e-01</leafValues></_>
    <_>
      <internalNodes>
        0 -1 20294 -3.8117803633213043e-03</internalNodes>
      <leafValues>
        1.4060464501380920e-01 -2.3360224068164825e-01</leafValues></_>
    <_>
      <internalNodes>
        0 -1 8652 9.2709437012672424e-02</internalNodes>
      <leafValues>
        6.0556180775165558e-02 -4.7890222072601318e-01</leafValues></_>
    <_>
      <internalNodes>
        0 -1 53058 2.7871491387486458e-02</internalNodes>
      <leafValues>
        -9.6353627741336823e-02 2.8810769319534302e-01</leafValues></_>
    <_>
      <internalNodes>
        0 -1 88236 2.4329635198228061e-04</internalNodes>
      <leafValues>
        9.9522136151790619e-02 -2.8933343291282654e-01</leafValues></_>
    <_>
      <internalNodes>
        0 -1 75246 -8.4645263850688934e-03</internalNodes>
      <leafValues>
        2.3854492604732513e-01 -1.1053482443094254e-01</leafValues></_>
    <_>
      <internalNodes>
        0 -1 10430 -6.2522932887077332e-02</internalNodes>
      <leafValues>
        -4.4744473695755005e-01 5.6293815374374390e-02</leafValues></_>
    <_>
      <internalNodes>
        0 -1 162011 1.8107828218489885e-03</internalNodes>
      <leafValues>
        -1.0351227968931198e-01 2.7043730020523071e-01</leafValues></_>
    <_>
      <internalNodes>
        0 -1 121356 -2.6872996240854263e-03</internalNodes>
      <leafValues>
        -7.6183837652206421e-01 1.8846984952688217e-02</leafValues></_>
    <_>
      <internalNodes>
        0 -1 69263 -4.3361051939427853e-04</internalNodes>
      <leafValues>
        -2.6764658093452454e-01 1.0138471424579620e-01</leafValues></_>
    <_>
      <internalNodes>
        0 -1 86059 -2.4867057800292969e-02</internalNodes>
      <leafValues>
        2.6471221446990967e-01 -1.2864963710308075e-01</leafValues></_>
    <_>
      <internalNodes>
        0 -1 31856 3.9160758256912231e-01</internalNodes>
      <leafValues>
        -9.2843897640705109e-02 3.6403679847717285e-01</leafValues></_>
    <_>
      <internalNodes>
        0 -1 89242 -2.5903666391968727e-04</internalNodes>
      <leafValues>
        -2.7179142832756042e-01 9.3400977551937103e-02</leafValues></_>
    <_>
      <internalNodes>
        0 -1 105794 -2.3689550289418548e-05</internalNodes>
      <leafValues>
        1.0629110783338547e-01 -2.4935987591743469e-01</leafValues></_>
    <_>
      <internalNodes>
        0 -1 126301 -8.9569846168160439e-03</internalNodes>
      <leafValues>
        2.7631130814552307e-01 -9.6480444073677063e-02</leafValues></_>
    <_>
      <internalNodes>
        0 -1 104362 -1.0062461718916893e-02</internalNodes>
      <leafValues>
        4.3279036879539490e-01 -6.5547913312911987e-02</leafValues></_>
    <_>
      <internalNodes>
        0 -1 150805 7.8149474575184286e-05</internalNodes>
      <leafValues>
        -1.9278927147388458e-01 1.5801630914211273e-01</leafValues></_>
    <_>
      <internalNodes>
        0 -1 1114 -2.4403980205534026e-05</internalNodes>
      <leafValues>
        1.5011516213417053e-01 -1.8763908743858337e-01</leafValues></_>
    <_>
      <internalNodes>
        0 -1 2167 2.4792663753032684e-03</internalNodes>
      <leafValues>
        -1.0491670668125153e-01 2.8070491552352905e-01</leafValues></_>
    <_>
      <internalNodes>
        0 -1 161240 2.0993645011913031e-04</internalNodes>
      <leafValues>
        9.7258515655994415e-02 -2.6394444704055786e-01</leafValues></_>
    <_>
      <internalNodes>
        0 -1 115462 6.1805238947272301e-03</internalNodes>
      <leafValues>
        -1.3033217191696167e-01 1.9620148837566376e-01</leafValues></_>
    <_>
      <internalNodes>
        0 -1 162189 1.0570371523499489e-04</internalNodes>
      <leafValues>
        1.3647018373012543e-01 -1.9806827604770660e-01</leafValues></_>
    <_>
      <internalNodes>
        0 -1 110774 -6.7999344319105148e-03</internalNodes>
      <leafValues>
        1.6230662167072296e-01 -1.5703810751438141e-01</leafValues></_>
    <_>
      <internalNodes>
        0 -1 131214 6.3421658705919981e-04</internalNodes>
      <leafValues>
        -1.0781954228878021e-01 2.5823980569839478e-01</leafValues></_>
    <_>
      <internalNodes>
        0 -1 105704 -3.8046203553676605e-03</internalNodes>
      <leafValues>
        -2.9214337468147278e-01 7.9681158065795898e-02</leafValues></_>
    <_>
      <internalNodes>
        0 -1 112850 -2.1823105271323584e-05</internalNodes>
      <leafValues>
        1.2657646834850311e-01 -2.2923597693443298e-01</leafValues></_>
    <_>
      <internalNodes>
        0 -1 98652 -1.5954287664499134e-04</internalNodes>
      <leafValues>
        -3.0891028046607971e-01 8.1932842731475830e-02</leafValues></_>
    <_>
      <internalNodes>
        0 -1 71036 -1.3883061183150858e-04</internalNodes>
      <leafValues>
        1.7287662625312805e-01 -1.8567198514938354e-01</leafValues></_>
    <_>
      <internalNodes>
        0 -1 56137 2.4301574740093201e-05</internalNodes>
      <leafValues>
        -1.8513807654380798e-01 1.3806581497192383e-01</leafValues></_>
    <_>
      <internalNodes>
        0 -1 33308 -3.4635597839951515e-03</internalNodes>
      <leafValues>
        3.0962666869163513e-01 -8.8098607957363129e-02</leafValues></_>
    <_>
      <internalNodes>
        0 -1 162052 -1.0154403280466795e-03</internalNodes>
      <leafValues>
        2.8016060590744019e-01 -9.1742105782032013e-02</leafValues></_>
    <_>
      <internalNodes>
        0 -1 39808 2.5115323296631686e-05</internalNodes>
      <leafValues>
        -1.5268459916114807e-01 1.4453977346420288e-01</leafValues></_>
    <_>
      <internalNodes>
        0 -1 15314 -1.9528552889823914e-02</internalNodes>
      <leafValues>
        2.5193500518798828e-01 -1.0425719618797302e-01</leafValues></_>
    <_>
      <internalNodes>
        0 -1 114412 -1.1339830234646797e-04</internalNodes>
      <leafValues>
        -2.5839528441429138e-01 1.0798269510269165e-01</leafValues></_>
    <_>
      <internalNodes>
        0 -1 159340 -1.4872413128614426e-02</internalNodes>
      <leafValues>
        2.8586927056312561e-01 -8.1199578940868378e-02</leafValues></_>
    <_>
      <internalNodes>
        0 -1 161290 1.2712839634332340e-05</internalNodes>
      <leafValues>
        -1.6424608230590820e-01 1.4515802264213562e-01</leafValues></_>
    <_>
      <internalNodes>
        0 -1 143623 2.5888392701745033e-04</internalNodes>
      <leafValues>
        7.6459452509880066e-02 -2.8508546948432922e-01</leafValues></_>
    <_>
      <internalNodes>
        0 -1 25018 -1.0887874523177743e-03</internalNodes>
      <leafValues>
        2.4320481717586517e-01 -9.5673136413097382e-02</leafValues></_>
    <_>
      <internalNodes>
        0 -1 25018 1.2469929642975330e-03</internalNodes>
      <leafValues>
        -8.2017734646797180e-02 2.7657091617584229e-01</leafValues></_>
    <_>
      <internalNodes>
        0 -1 20 -4.1685072937980294e-04</internalNodes>
      <leafValues>
        -2.2690829634666443e-01 1.0609623044729233e-01</leafValues></_>
    <_>
      <internalNodes>
        0 -1 143358 -2.8744855080731213e-04</internalNodes>
      <leafValues>
        -2.9156783223152161e-01 7.8324258327484131e-02</leafValues></_>
    <_>
      <internalNodes>
        0 -1 20 -2.6948844606522471e-05</internalNodes>
      <leafValues>
        1.5112970769405365e-01 -1.6241455078125000e-01</leafValues></_>
    <_>
      <internalNodes>
        0 -1 143435 -9.1297402977943420e-03</internalNodes>
      <leafValues>
        2.2033728659152985e-01 -1.1319173872470856e-01</leafValues></_>
    <_>
      <internalNodes>
        0 -1 157479 4.3734330683946609e-03</internalNodes>
      <leafValues>
        -9.4027079641819000e-02 2.6893085241317749e-01</leafValues></_>
    <_>
      <internalNodes>
        0 -1 14394 6.7645740509033203e-01</internalNodes>
      <leafValues>
        -4.4380307197570801e-02 4.4483852386474609e-01</leafValues></_>
    <_>
      <internalNodes>
        0 -1 133769 2.3641223087906837e-03</internalNodes>
      <leafValues>
        -1.1159540712833405e-01 1.9874577224254608e-01</leafValues></_>
    <_>
      <internalNodes>
        0 -1 148300 -2.4243878215202130e-05</internalNodes>
      <leafValues>
        1.3624311983585358e-01 -1.5970206260681152e-01</leafValues></_>
    <_>
      <internalNodes>
        0 -1 135987 -1.8787788227200508e-02</internalNodes>
      <leafValues>
        -6.1717534065246582e-01 3.0666990205645561e-02</leafValues></_>
    <_>
      <internalNodes>
        0 -1 117343 5.0721564330160618e-03</internalNodes>
      <leafValues>
        -7.7497579157352448e-02 3.1796082854270935e-01</leafValues></_>
    <_>
      <internalNodes>
        0 -1 84605 -5.9903464280068874e-03</internalNodes>
      <leafValues>
        3.0216288566589355e-01 -9.0567082166671753e-02</leafValues></_>
    <_>
      <internalNodes>
        0 -1 123458 -1.5482914634048939e-02</internalNodes>
      <leafValues>
        -6.4227133989334106e-01 3.8944132626056671e-02</leafValues></_></weakClassifiers></stage10>
</opencv_storage>
