<?xml version="1.0"?>
<opencv_storage>
<stage11>
  <maxWeakCount>51</maxWeakCount>
  <stageThreshold>-1.3935202360153198e+00</stageThreshold>
  <weakClassifiers>
    <_>
      <internalNodes>
        0 -1 38907 -2.1613195538520813e-01</internalNodes>
      <leafValues>
        3.1758901476860046e-01 -3.9575371146202087e-01</leafValues></_>
    <_>
      <internalNodes>
        0 -1 103187 4.8833750188350677e-03</internalNodes>
      <leafValues>
        -8.2621842622756958e-02 6.5573167800903320e-01</leafValues></_>
    <_>
      <internalNodes>
        0 -1 160477 3.9438512176275253e-03</internalNodes>
      <leafValues>
        -1.0039500147104263e-01 5.3237617015838623e-01</leafValues></_>
    <_>
      <internalNodes>
        0 -1 159734 -7.8638386912643909e-04</internalNodes>
      <leafValues>
        4.7152268886566162e-01 -9.6565954387187958e-02</leafValues></_>
    <_>
      <internalNodes>
        0 -1 120924 1.0812310501933098e-03</internalNodes>
      <leafValues>
        1.0648870468139648e-01 -4.7835502028465271e-01</leafValues></_>
    <_>
      <internalNodes>
        0 -1 98894 2.6619926211424172e-04</internalNodes>
      <leafValues>
        2.3059074580669403e-01 -1.7979191243648529e-01</leafValues></_>
    <_>
      <internalNodes>
        0 -1 153453 1.4792243018746376e-02</internalNodes>
      <leafValues>
        -1.4997400343418121e-01 2.6038235425949097e-01</leafValues></_>
    <_>
      <internalNodes>
        0 -1 127762 -5.7796435430645943e-04</internalNodes>
      <leafValues>
        -2.7011236548423767e-01 1.3889589905738831e-01</leafValues></_>
    <_>
      <internalNodes>
        0 -1 13 7.1970617864280939e-04</internalNodes>
      <leafValues>
        1.2342862039804459e-01 -2.9494699835777283e-01</leafValues></_>
    <_>
      <internalNodes>
        0 -1 93829 2.1335728466510773e-02</internalNodes>
      <leafValues>
        -1.1734866350889206e-01 3.1976464390754700e-01</leafValues></_>
    <_>
      <internalNodes>
        0 -1 154687 -6.7480094730854034e-04</internalNodes>
      <leafValues>
        2.5313034653663635e-01 -1.1925826966762543e-01</leafValues></_>
    <_>
      <internalNodes>
        0 -1 6656 4.5975455641746521e-01</internalNodes>
      <leafValues>
        -1.1158774793148041e-01 3.4613913297653198e-01</leafValues></_>
    <_>
      <internalNodes>
        0 -1 59027 -7.2871902957558632e-03</internalNodes>
      <leafValues>
        -3.3738243579864502e-01 1.1132082343101501e-01</leafValues></_>
    <_>
      <internalNodes>
        0 -1 130673 1.6517087817192078e-02</internalNodes>
      <leafValues>
        -8.6398847401142120e-02 3.6885195970535278e-01</leafValues></_>
    <_>
      <internalNodes>
        0 -1 160141 -5.7805585674941540e-04</internalNodes>
      <leafValues>
        -3.8532876968383789e-01 8.1519410014152527e-02</leafValues></_>
    <_>
      <internalNodes>
        0 -1 162105 2.7004379080608487e-04</internalNodes>
      <leafValues>
        1.1867768317461014e-01 -2.4506685137748718e-01</leafValues></_>
    <_>
      <internalNodes>
        0 -1 10327 -2.0494905114173889e-01</internalNodes>
      <leafValues>
        3.4215080738067627e-01 -8.4519602358341217e-02</leafValues></_>
    <_>
      <internalNodes>
        0 -1 44555 -5.2812383510172367e-03</internalNodes>
      <leafValues>
        3.4714031219482422e-01 -7.2029888629913330e-02</leafValues></_>
    <_>
      <internalNodes>
        0 -1 31817 -4.2506828904151917e-02</internalNodes>
      <leafValues>
        -4.8320233821868896e-01 6.9122515618801117e-02</leafValues></_>
    <_>
      <internalNodes>
        0 -1 141854 -7.3717110790312290e-03</internalNodes>
      <leafValues>
        3.5884204506874084e-01 -7.5092703104019165e-02</leafValues></_>
    <_>
      <internalNodes>
        0 -1 111775 -6.0623735189437866e-03</internalNodes>
      <leafValues>
        2.5874853134155273e-01 -1.0826329141855240e-01</leafValues></_>
    <_>
      <internalNodes>
        0 -1 37892 -2.2292174398899078e-02</internalNodes>
      <leafValues>
        -8.1825363636016846e-01 3.4023914486169815e-02</leafValues></_>
    <_>
      <internalNodes>
        0 -1 80318 -4.8541206866502762e-02</internalNodes>
      <leafValues>
        2.2405007481575012e-01 -1.3517892360687256e-01</leafValues></_>
    <_>
      <internalNodes>
        0 -1 8793 -9.0369194746017456e-02</internalNodes>
      <leafValues>
        3.0693492293357849e-01 -9.4420224428176880e-02</leafValues></_>
    <_>
      <internalNodes>
        0 -1 21439 -2.1790242753922939e-03</internalNodes>
      <leafValues>
        2.1389825642108917e-01 -1.2472448498010635e-01</leafValues></_>
    <_>
      <internalNodes>
        0 -1 143522 1.1089483741670847e-03</internalNodes>
      <leafValues>
        4.7863900661468506e-02 -5.5061399936676025e-01</leafValues></_>
    <_>
      <internalNodes>
        0 -1 8184 -8.3683915436267853e-03</internalNodes>
      <leafValues>
        4.5303344726562500e-01 -6.5758883953094482e-02</leafValues></_>
    <_>
      <internalNodes>
        0 -1 8851 4.2886426672339439e-03</internalNodes>
      <leafValues>
        -6.7536063492298126e-02 3.1013795733451843e-01</leafValues></_>
    <_>
      <internalNodes>
        0 -1 37949 -9.4399079680442810e-03</internalNodes>
      <leafValues>
        -4.8947682976722717e-01 5.1784373819828033e-02</leafValues></_>
    <_>
      <internalNodes>
        0 -1 162102 -1.4232574030756950e-03</internalNodes>
      <leafValues>
        -3.1133401393890381e-01 6.9184400141239166e-02</leafValues></_>
    <_>
      <internalNodes>
        0 -1 149280 -1.5442620497196913e-03</internalNodes>
      <leafValues>
        3.2161378860473633e-01 -7.7930286526679993e-02</leafValues></_>
    <_>
      <internalNodes>
        0 -1 143621 -1.1480564717203379e-04</internalNodes>
      <leafValues>
        -2.5697827339172363e-01 9.3935720622539520e-02</leafValues></_>
    <_>
      <internalNodes>
        0 -1 74958 -9.1813113540410995e-03</internalNodes>
      <leafValues>
        2.0117178559303284e-01 -1.1685181409120560e-01</leafValues></_>
    <_>
      <internalNodes>
        0 -1 134635 8.3582382649183273e-03</internalNodes>
      <leafValues>
        3.0692152678966522e-02 -8.0452883243560791e-01</leafValues></_>
    <_>
      <internalNodes>
        0 -1 13399 6.7259148636367172e-05</internalNodes>
      <leafValues>
        1.0068406164646149e-01 -2.3732486367225647e-01</leafValues></_>
    <_>
      <internalNodes>
        0 -1 159561 -1.1880825040861964e-03</internalNodes>
      <leafValues>
        2.6158261299133301e-01 -8.9721567928791046e-02</leafValues></_>
    <_>
      <internalNodes>
        0 -1 55311 -4.7143276780843735e-02</internalNodes>
      <leafValues>
        -4.4982755184173584e-01 6.0820497572422028e-02</leafValues></_>
    <_>
      <internalNodes>
        0 -1 68015 -1.2614873051643372e-01</internalNodes>
      <leafValues>
        4.5675292611122131e-01 -5.7148404419422150e-02</leafValues></_>
    <_>
      <internalNodes>
        0 -1 161313 2.0577631948981434e-04</internalNodes>
      <leafValues>
        9.7859323024749756e-02 -2.4464675784111023e-01</leafValues></_>
    <_>
      <internalNodes>
        0 -1 123027 1.0223709978163242e-02</internalNodes>
      <leafValues>
        -8.3663098514080048e-02 2.8262832760810852e-01</leafValues></_>
    <_>
      <internalNodes>
        0 -1 68792 -3.4371487796306610e-02</internalNodes>
      <leafValues>
        -4.1931030154228210e-01 5.8251701295375824e-02</leafValues></_>
    <_>
      <internalNodes>
        0 -1 11893 -2.1068421192467213e-03</internalNodes>
      <leafValues>
        3.1145176291465759e-01 -7.5226627290248871e-02</leafValues></_>
    <_>
      <internalNodes>
        0 -1 21561 -1.2218696610943880e-05</internalNodes>
      <leafValues>
        1.7088529467582703e-01 -1.2867002189159393e-01</leafValues></_>
    <_>
      <internalNodes>
        0 -1 157235 4.0437225252389908e-03</internalNodes>
      <leafValues>
        -1.0566490888595581e-01 1.9281677901744843e-01</leafValues></_>
    <_>
      <internalNodes>
        0 -1 150411 -3.3516474068164825e-02</internalNodes>
      <leafValues>
        3.0589497089385986e-01 -7.4529014527797699e-02</leafValues></_>
    <_>
      <internalNodes>
        0 -1 128997 7.3783686384558678e-03</internalNodes>
      <leafValues>
        -1.1598053574562073e-01 1.8997739255428314e-01</leafValues></_>
    <_>
      <internalNodes>
        0 -1 116893 1.6785474121570587e-01</internalNodes>
      <leafValues>
        4.4659085571765900e-02 -5.3260636329650879e-01</leafValues></_>
    <_>
      <internalNodes>
        0 -1 59735 3.4009557566605508e-04</internalNodes>
      <leafValues>
        8.4463573992252350e-02 -2.2989062964916229e-01</leafValues></_>
    <_>
      <internalNodes>
        0 -1 133736 -2.4386206641793251e-03</internalNodes>
      <leafValues>
        2.6898819208145142e-01 -7.3987334966659546e-02</leafValues></_>
    <_>
      <internalNodes>
        0 -1 127842 8.5982261225581169e-03</internalNodes>
      <leafValues>
        4.4163763523101807e-02 -5.1976448297500610e-01</leafValues></_>
    <_>
      <internalNodes>
        0 -1 114077 -5.2908293902873993e-02</internalNodes>
      <leafValues>
        -7.5585180521011353e-01 2.3757856339216232e-02</leafValues></_></weakClassifiers></stage11>
</opencv_storage>
