<?xml version="1.0"?>
<opencv_storage>
<stage18>
  <maxWeakCount>87</maxWeakCount>
  <stageThreshold>-1.1058672666549683e+00</stageThreshold>
  <weakClassifiers>
    <_>
      <internalNodes>
        0 -1 105106 1.3193678110837936e-02</internalNodes>
      <leafValues>
        -1.8118174374103546e-01 8.1728392839431763e-01</leafValues></_>
    <_>
      <internalNodes>
        0 -1 13889 -5.0766523927450180e-02</internalNodes>
      <leafValues>
        4.0681499242782593e-01 -1.2111888080835342e-01</leafValues></_>
    <_>
      <internalNodes>
        0 -1 108 9.0624194126576185e-04</internalNodes>
      <leafValues>
        -2.3234833776950836e-01 1.2315388023853302e-01</leafValues></_>
    <_>
      <internalNodes>
        0 -1 113948 1.1961264535784721e-03</internalNodes>
      <leafValues>
        7.4065960943698883e-02 -4.4790062308311462e-01</leafValues></_>
    <_>
      <internalNodes>
        0 -1 70878 -4.9286690773442388e-04</internalNodes>
      <leafValues>
        -2.3745371401309967e-01 1.0247162729501724e-01</leafValues></_>
    <_>
      <internalNodes>
        0 -1 11 2.1531814709305763e-03</internalNodes>
      <leafValues>
        7.9079598188400269e-02 -2.5907835364341736e-01</leafValues></_>
    <_>
      <internalNodes>
        0 -1 144557 1.1914053931832314e-02</internalNodes>
      <leafValues>
        -1.0029643028974533e-01 1.9829976558685303e-01</leafValues></_>
    <_>
      <internalNodes>
        0 -1 2866 3.9542443118989468e-04</internalNodes>
      <leafValues>
        -1.9938699901103973e-01 8.5644766688346863e-02</leafValues></_>
    <_>
      <internalNodes>
        0 -1 106320 -2.1863935980945826e-03</internalNodes>
      <leafValues>
        -2.5320789217948914e-01 9.7829997539520264e-02</leafValues></_>
    <_>
      <internalNodes>
        0 -1 19548 4.7052010893821716e-01</internalNodes>
      <leafValues>
        -5.7500917464494705e-02 3.0126687884330750e-01</leafValues></_>
    <_>
      <internalNodes>
        0 -1 150358 -1.8686106428503990e-02</internalNodes>
      <leafValues>
        2.7035170793533325e-01 -8.1690989434719086e-02</leafValues></_>
    <_>
      <internalNodes>
        0 -1 15542 -8.5618525743484497e-02</internalNodes>
      <leafValues>
        6.7190939188003540e-01 -3.5485431551933289e-02</leafValues></_>
    <_>
      <internalNodes>
        0 -1 48763 8.0623431131243706e-03</internalNodes>
      <leafValues>
        -4.5320987701416016e-02 3.5983565449714661e-01</leafValues></_>
    <_>
      <internalNodes>
        0 -1 25134 4.8291613347828388e-03</internalNodes>
      <leafValues>
        -1.0318452119827271e-01 1.6884477436542511e-01</leafValues></_>
    <_>
      <internalNodes>
        0 -1 60420 -2.4074008251773193e-05</internalNodes>
      <leafValues>
        1.4186386764049530e-01 -1.3302887976169586e-01</leafValues></_>
    <_>
      <internalNodes>
        0 -1 120790 1.2573800049722195e-03</internalNodes>
      <leafValues>
        3.6925483494997025e-02 -4.7991445660591125e-01</leafValues></_>
    <_>
      <internalNodes>
        0 -1 159734 -8.1002095248550177e-04</internalNodes>
      <leafValues>
        2.8779402375221252e-01 -6.2338329851627350e-02</leafValues></_>
    <_>
      <internalNodes>
        0 -1 69538 -2.2255621850490570e-02</internalNodes>
      <leafValues>
        -2.8220304846763611e-01 5.9798527508974075e-02</leafValues></_>
    <_>
      <internalNodes>
        0 -1 161100 -2.2968407720327377e-03</internalNodes>
      <leafValues>
        3.5651609301567078e-01 -4.2607709765434265e-02</leafValues></_>
    <_>
      <internalNodes>
        0 -1 159407 4.6297470107674599e-03</internalNodes>
      <leafValues>
        -9.9849388003349304e-02 1.5727671980857849e-01</leafValues></_>
    <_>
      <internalNodes>
        0 -1 157449 -2.3378631158266217e-04</internalNodes>
      <leafValues>
        -2.3146659135818481e-01 6.2939092516899109e-02</leafValues></_>
    <_>
      <internalNodes>
        0 -1 67715 -4.2415671050548553e-03</internalNodes>
      <leafValues>
        -3.3879688382148743e-01 4.1225388646125793e-02</leafValues></_>
    <_>
      <internalNodes>
        0 -1 162163 8.4846216486766934e-04</internalNodes>
      <leafValues>
        1.1483139544725418e-01 -1.3228422403335571e-01</leafValues></_>
    <_>
      <internalNodes>
        0 -1 11864 -3.3970154821872711e-02</internalNodes>
      <leafValues>
        2.1526926755905151e-01 -7.7875949442386627e-02</leafValues></_>
    <_>
      <internalNodes>
        0 -1 161569 -1.7982098506763577e-04</internalNodes>
      <leafValues>
        -2.3407292366027832e-01 6.4308166503906250e-02</leafValues></_>
    <_>
      <internalNodes>
        0 -1 13168 -1.6409656032919884e-02</internalNodes>
      <leafValues>
        -5.8400046825408936e-01 2.4172984063625336e-02</leafValues></_>
    <_>
      <internalNodes>
        0 -1 54744 2.2642850875854492e-02</internalNodes>
      <leafValues>
        6.9342516362667084e-02 -2.0749446749687195e-01</leafValues></_>
    <_>
      <internalNodes>
        0 -1 42765 5.9898085892200470e-02</internalNodes>
      <leafValues>
        6.6883608698844910e-02 -2.4066163599491119e-01</leafValues></_>
    <_>
      <internalNodes>
        0 -1 97005 9.5652557909488678e-02</internalNodes>
      <leafValues>
        -3.9842486381530762e-02 3.8261479139328003e-01</leafValues></_>
    <_>
      <internalNodes>
        0 -1 116243 -3.2743392512202263e-03</internalNodes>
      <leafValues>
        2.1326455473899841e-01 -7.8374870121479034e-02</leafValues></_>
    <_>
      <internalNodes>
        0 -1 159469 -4.9422699958086014e-03</internalNodes>
      <leafValues>
        2.5343403220176697e-01 -6.4610756933689117e-02</leafValues></_>
    <_>
      <internalNodes>
        0 -1 127871 9.0906419791281223e-04</internalNodes>
      <leafValues>
        4.4041082262992859e-02 -3.6272245645523071e-01</leafValues></_>
    <_>
      <internalNodes>
        0 -1 137350 -1.6968060284852982e-02</internalNodes>
      <leafValues>
        4.3582108616828918e-01 -3.7246521562337875e-02</leafValues></_>
    <_>
      <internalNodes>
        0 -1 155207 -6.5392628312110901e-03</internalNodes>
      <leafValues>
        -4.9186441302299500e-01 3.3432781696319580e-02</leafValues></_>
    <_>
      <internalNodes>
        0 -1 90986 4.7368677332997322e-03</internalNodes>
      <leafValues>
        -9.5915608108043671e-02 1.6258467733860016e-01</leafValues></_>
    <_>
      <internalNodes>
        0 -1 9119 4.7586806118488312e-02</internalNodes>
      <leafValues>
        -7.8737773001194000e-02 1.9594621658325195e-01</leafValues></_>
    <_>
      <internalNodes>
        0 -1 44528 3.5748880356550217e-02</internalNodes>
      <leafValues>
        4.5136339962482452e-02 -4.2522138357162476e-01</leafValues></_>
    <_>
      <internalNodes>
        0 -1 157695 1.2131377123296261e-02</internalNodes>
      <leafValues>
        -4.7800324857234955e-02 3.7832856178283691e-01</leafValues></_>
    <_>
      <internalNodes>
        0 -1 73985 -2.8010714799165726e-02</internalNodes>
      <leafValues>
        -4.9528023600578308e-01 3.5477351397275925e-02</leafValues></_>
    <_>
      <internalNodes>
        0 -1 157736 1.3349951768759638e-04</internalNodes>
      <leafValues>
        8.6524672806262970e-02 -1.7116044461727142e-01</leafValues></_>
    <_>
      <internalNodes>
        0 -1 12532 6.6731416154652834e-04</internalNodes>
      <leafValues>
        -5.6388832628726959e-02 3.1567713618278503e-01</leafValues></_>
    <_>
      <internalNodes>
        0 -1 152161 -2.8597930213436484e-04</internalNodes>
      <leafValues>
        -2.5474798679351807e-01 6.4796537160873413e-02</leafValues></_>
    <_>
      <internalNodes>
        0 -1 148026 -2.3789501574356109e-04</internalNodes>
      <leafValues>
        -2.6017311215400696e-01 4.9645628780126572e-02</leafValues></_>
    <_>
      <internalNodes>
        0 -1 95189 2.4409233446931466e-05</internalNodes>
      <leafValues>
        -1.4698684215545654e-01 1.0099827498197556e-01</leafValues></_>
    <_>
      <internalNodes>
        0 -1 73059 -1.9660595059394836e-01</internalNodes>
      <leafValues>
        2.7906149625778198e-01 -5.4018326103687286e-02</leafValues></_>
    <_>
      <internalNodes>
        0 -1 85220 1.0198443382978439e-01</internalNodes>
      <leafValues>
        -9.3494333326816559e-02 1.7508241534233093e-01</leafValues></_>
    <_>
      <internalNodes>
        0 -1 56684 -1.1928138136863708e-01</internalNodes>
      <leafValues>
        1.6000993549823761e-01 -1.0699155181646347e-01</leafValues></_>
    <_>
      <internalNodes>
        0 -1 36597 2.2727701812982559e-02</internalNodes>
      <leafValues>
        -1.0298032313585281e-01 1.9104871153831482e-01</leafValues></_>
    <_>
      <internalNodes>
        0 -1 98259 1.8451027572154999e-02</internalNodes>
      <leafValues>
        -6.1737317591905594e-02 2.9929718375205994e-01</leafValues></_>
    <_>
      <internalNodes>
        0 -1 149280 -1.1661923490464687e-03</internalNodes>
      <leafValues>
        2.2283521294593811e-01 -6.5899595618247986e-02</leafValues></_>
    <_>
      <internalNodes>
        0 -1 161382 1.5001865103840828e-03</internalNodes>
      <leafValues>
        4.2344909161329269e-02 -4.2602559924125671e-01</leafValues></_>
    <_>
      <internalNodes>
        0 -1 37949 -8.2227848470211029e-03</internalNodes>
      <leafValues>
        -4.1462594270706177e-01 3.0155953019857407e-02</leafValues></_>
    <_>
      <internalNodes>
        0 -1 151726 -2.6836052536964417e-02</internalNodes>
      <leafValues>
        -5.0641351938247681e-01 2.6428312063217163e-02</leafValues></_>
    <_>
      <internalNodes>
        0 -1 14503 2.4008964828681201e-05</internalNodes>
      <leafValues>
        -1.2400834262371063e-01 1.0888563096523285e-01</leafValues></_>
    <_>
      <internalNodes>
        0 -1 14570 4.9741384573280811e-03</internalNodes>
      <leafValues>
        -2.6174515485763550e-02 5.3129619359970093e-01</leafValues></_>
    <_>
      <internalNodes>
        0 -1 120527 -3.1571905128657818e-03</internalNodes>
      <leafValues>
        7.4146278202533722e-02 -1.7908203601837158e-01</leafValues></_>
    <_>
      <internalNodes>
        0 -1 13278 -2.2257978096604347e-02</internalNodes>
      <leafValues>
        -6.9315057992935181e-01 2.1629685536026955e-02</leafValues></_>
    <_>
      <internalNodes>
        0 -1 92534 4.8248399980366230e-04</internalNodes>
      <leafValues>
        -1.0484750568866730e-01 1.3639737665653229e-01</leafValues></_>
    <_>
      <internalNodes>
        0 -1 84839 -5.4429424926638603e-03</internalNodes>
      <leafValues>
        2.1312810480594635e-01 -7.3072023689746857e-02</leafValues></_>
    <_>
      <internalNodes>
        0 -1 98088 2.9625697061419487e-03</internalNodes>
      <leafValues>
        -2.4023586884140968e-02 6.6240352392196655e-01</leafValues></_>
    <_>
      <internalNodes>
        0 -1 29947 5.7224065065383911e-02</internalNodes>
      <leafValues>
        5.5421475321054459e-02 -2.8378313779830933e-01</leafValues></_>
    <_>
      <internalNodes>
        0 -1 131259 8.5066969040781260e-04</internalNodes>
      <leafValues>
        -7.9505227506160736e-02 1.7471247911453247e-01</leafValues></_>
    <_>
      <internalNodes>
        0 -1 88410 6.8717777729034424e-02</internalNodes>
      <leafValues>
        -1.7399126663804054e-02 8.5605120658874512e-01</leafValues></_>
    <_>
      <internalNodes>
        0 -1 0 1.2839891132898629e-04</internalNodes>
      <leafValues>
        6.4639158546924591e-02 -2.2971080243587494e-01</leafValues></_>
    <_>
      <internalNodes>
        0 -1 37198 -7.6199835166335106e-04</internalNodes>
      <leafValues>
        2.4690000712871552e-01 -5.6172970682382584e-02</leafValues></_>
    <_>
      <internalNodes>
        0 -1 127291 2.0816150936298072e-04</internalNodes>
      <leafValues>
        6.6910125315189362e-02 -1.9688105583190918e-01</leafValues></_>
    <_>
      <internalNodes>
        0 -1 124407 -8.4248092025518417e-03</internalNodes>
      <leafValues>
        1.5242627263069153e-01 -9.0446621179580688e-02</leafValues></_>
    <_>
      <internalNodes>
        0 -1 10839 3.4588208794593811e-01</internalNodes>
      <leafValues>
        -3.1020481139421463e-02 4.9964562058448792e-01</leafValues></_>
    <_>
      <internalNodes>
        0 -1 67298 -5.9383451007306576e-03</internalNodes>
      <leafValues>
        2.1645712852478027e-01 -6.1310395598411560e-02</leafValues></_>
    <_>
      <internalNodes>
        0 -1 143847 5.6626735022291541e-04</internalNodes>
      <leafValues>
        6.1403311789035797e-02 -2.2062125802040100e-01</leafValues></_>
    <_>
      <internalNodes>
        0 -1 121369 4.0663871914148331e-03</internalNodes>
      <leafValues>
        2.3285429924726486e-02 -5.9724068641662598e-01</leafValues></_>
    <_>
      <internalNodes>
        0 -1 111477 -1.3729862403124571e-03</internalNodes>
      <leafValues>
        1.8368943035602570e-01 -7.7458739280700684e-02</leafValues></_>
    <_>
      <internalNodes>
        0 -1 25009 1.0071478318423033e-03</internalNodes>
      <leafValues>
        -4.1131690144538879e-02 3.5004040598869324e-01</leafValues></_>
    <_>
      <internalNodes>
        0 -1 80114 1.8875028763432056e-04</internalNodes>
      <leafValues>
        6.1418756842613220e-02 -2.3251454532146454e-01</leafValues></_>
    <_>
      <internalNodes>
        0 -1 2272 9.4515994191169739e-02</internalNodes>
      <leafValues>
        1.5532340854406357e-02 -8.3902102708816528e-01</leafValues></_>
    <_>
      <internalNodes>
        0 -1 114449 2.5684328284114599e-03</internalNodes>
      <leafValues>
        3.6832395941019058e-02 -3.1148028373718262e-01</leafValues></_>
    <_>
      <internalNodes>
        0 -1 118977 -3.3764215186238289e-04</internalNodes>
      <leafValues>
        2.1595668792724609e-01 -6.4135648310184479e-02</leafValues></_>
    <_>
      <internalNodes>
        0 -1 32541 1.1637877832981758e-05</internalNodes>
      <leafValues>
        -1.3880540430545807e-01 9.6105091273784637e-02</leafValues></_>
    <_>
      <internalNodes>
        0 -1 20533 4.0108989924192429e-04</internalNodes>
      <leafValues>
        1.4284327626228333e-01 -1.1074471473693848e-01</leafValues></_>
    <_>
      <internalNodes>
        0 -1 6448 5.5877521634101868e-02</internalNodes>
      <leafValues>
        -7.1572132408618927e-02 2.0974412560462952e-01</leafValues></_>
    <_>
      <internalNodes>
        0 -1 36856 1.6593700647354126e-01</internalNodes>
      <leafValues>
        -1.7154945060610771e-02 6.7256700992584229e-01</leafValues></_>
    <_>
      <internalNodes>
        0 -1 69574 -1.3094327878206968e-03</internalNodes>
      <leafValues>
        2.2253388166427612e-01 -5.8442231267690659e-02</leafValues></_>
    <_>
      <internalNodes>
        0 -1 90383 3.5718578100204468e-01</internalNodes>
      <leafValues>
        -2.1105594933032990e-02 6.9824773073196411e-01</leafValues></_>
    <_>
      <internalNodes>
        0 -1 92752 3.0423620715737343e-02</internalNodes>
      <leafValues>
        -7.1734070777893066e-02 2.0425494015216827e-01</leafValues></_>
    <_>
      <internalNodes>
        0 -1 43364 1.0030352324247360e-01</internalNodes>
      <leafValues>
        3.1704708933830261e-02 -4.6374711394309998e-01</leafValues></_>
    <_>
      <internalNodes>
        0 -1 471 3.8589727133512497e-02</internalNodes>
      <leafValues>
        -1.1275069415569305e-01 1.3938075304031372e-01</leafValues></_>
    <_>
      <internalNodes>
        0 -1 106145 -4.6189101412892342e-03</internalNodes>
      <leafValues>
        -2.5568604469299316e-01 5.7409230619668961e-02</leafValues></_></weakClassifiers></stage18>
</opencv_storage>
